,dt,AverageTemperature,AverageTemperatureUncertainty,Country
514334,1841-01-01,14.967,2.261,Taiwan
514335,1841-02-01,15.490999999999998,1.604,Taiwan
514336,1841-03-01,16.430999999999994,2.252,Taiwan
514337,1841-04-01,19.684,1.952,Taiwan
514338,1841-05-01,23.282,1.516,Taiwan
514339,1841-06-01,25.003,2.187,Taiwan
514340,1841-07-01,27.166,1.909,Taiwan
514341,1841-08-01,26.652,1.894,Taiwan
514342,1841-09-01,24.496,1.69,Taiwan
514343,1841-10-01,22.945,1.766,Taiwan
514344,1841-11-01,20.109,1.597,Taiwan
514345,1841-12-01,17.275,1.692,Taiwan
514346,1842-01-01,15.826,1.692,Taiwan
514347,1842-02-01,16.191,1.609,Taiwan
514348,1842-03-01,18.829,1.974,Taiwan
514349,1842-04-01,20.903,1.943,Taiwan
514350,1842-05-01,23.08,1.611,Taiwan
514351,1842-06-01,25.13,1.594,Taiwan
514352,1842-07-01,25.93,1.565,Taiwan
514353,1842-08-01,26.377,1.7380000000000002,Taiwan
514354,1842-09-01,24.61,1.6769999999999998,Taiwan
514355,1842-10-01,22.246,1.874,Taiwan
514356,1842-11-01,20.006,1.737,Taiwan
514357,1842-12-01,18.482,1.679,Taiwan
514358,1843-01-01,16.779,1.653,Taiwan
514359,1843-02-01,17.206,1.6840000000000002,Taiwan
514360,1843-03-01,17.288999999999998,1.833,Taiwan
514361,1843-04-01,20.556,1.6469999999999998,Taiwan
514362,1843-05-01,22.531,1.564,Taiwan
514363,1843-06-01,25.304,1.7280000000000002,Taiwan
514364,1843-07-01,26.415,1.852,Taiwan
514365,1843-08-01,26.55,1.803,Taiwan
514366,1843-09-01,24.837,1.536,Taiwan
514367,1843-10-01,22.442,2.145,Taiwan
514368,1843-11-01,20.211,1.51,Taiwan
514369,1843-12-01,18.61,2.081,Taiwan
514370,1844-01-01,15.823,1.7180000000000002,Taiwan
514371,1844-02-01,15.989,2.035,Taiwan
514372,1844-03-01,18.14,1.654,Taiwan
514373,1844-04-01,20.270000000000003,1.564,Taiwan
514374,1844-05-01,22.753,1.565,Taiwan
514375,1844-06-01,25.177,1.636,Taiwan
514376,1844-07-01,26.352,1.802,Taiwan
514377,1844-08-01,26.462,1.85,Taiwan
514378,1844-09-01,24.42,1.587,Taiwan
514379,1844-10-01,22.952,1.555,Taiwan
514380,1844-11-01,19.6,1.68,Taiwan
514381,1844-12-01,16.354,1.558,Taiwan
514382,1845-01-01,16.366,2.12,Taiwan
514383,1845-02-01,15.855,2.547,Taiwan
514384,1845-03-01,17.880999999999997,1.3130000000000002,Taiwan
514385,1845-04-01,20.577,1.516,Taiwan
514386,1845-05-01,23.446,1.361,Taiwan
514387,1845-06-01,25.794,1.385,Taiwan
514388,1845-07-01,27.074,1.585,Taiwan
514389,1845-08-01,26.406,1.38,Taiwan
514390,1845-09-01,24.509,1.439,Taiwan
514391,1845-10-01,22.048,1.27,Taiwan
514392,1845-11-01,19.594,1.418,Taiwan
514393,1845-12-01,15.669,1.558,Taiwan
514394,1846-01-01,16.471,1.996,Taiwan
514395,1846-02-01,16.677999999999994,1.9,Taiwan
514396,1846-03-01,18.498,1.822,Taiwan
514397,1846-04-01,20.213,1.513,Taiwan
514398,1846-05-01,22.777,1.581,Taiwan
514399,1846-06-01,25.993,1.592,Taiwan
514400,1846-07-01,27.307,1.604,Taiwan
514401,1846-08-01,27.259,1.383,Taiwan
514402,1846-09-01,25.597,1.5419999999999998,Taiwan
514403,1846-10-01,22.909,1.382,Taiwan
514404,1846-11-01,19.892,1.525,Taiwan
514405,1846-12-01,18.452,1.433,Taiwan
514406,1847-01-01,16.084999999999994,4.569,Taiwan
514407,1847-02-01,15.840999999999998,1.6269999999999998,Taiwan
514408,1847-03-01,17.727999999999994,2.888,Taiwan
514409,1847-04-01,20.875,1.338,Taiwan
514410,1847-05-01,22.893,1.3119999999999998,Taiwan
514411,1847-06-01,24.926,1.614,Taiwan
514412,1847-07-01,27.231,1.907,Taiwan
514413,1847-08-01,26.449,1.946,Taiwan
514414,1847-09-01,25.521,1.213,Taiwan
514415,1847-10-01,22.593000000000004,1.166,Taiwan
514416,1847-11-01,21.294,1.354,Taiwan
514417,1847-12-01,17.087,1.789,Taiwan
514418,1848-01-01,14.934,1.877,Taiwan
514419,1848-02-01,16.118,2.267,Taiwan
514420,1848-03-01,17.563,1.296,Taiwan
514421,1848-04-01,19.899,2.087,Taiwan
514422,1848-05-01,23.85,1.781,Taiwan
514423,1848-06-01,24.965,1.455,Taiwan
514424,1848-07-01,26.589,2.595,Taiwan
514425,1848-08-01,25.742,1.62,Taiwan
514426,1848-09-01,24.705,1.394,Taiwan
514427,1848-10-01,22.821,1.45,Taiwan
514428,1848-11-01,18.734,1.896,Taiwan
514429,1848-12-01,17.062,1.486,Taiwan
514430,1849-01-01,15.668,1.558,Taiwan
514431,1849-02-01,17.426,1.736,Taiwan
514432,1849-03-01,18.446,1.666,Taiwan
514433,1849-04-01,19.481,1.731,Taiwan
514434,1849-05-01,22.935,1.2990000000000002,Taiwan
514435,1849-06-01,24.845,1.6030000000000002,Taiwan
514436,1849-07-01,26.32,1.621,Taiwan
514437,1849-08-01,26.649,1.2919999999999998,Taiwan
514438,1849-09-01,25.087,1.258,Taiwan
514439,1849-10-01,23.177,1.382,Taiwan
514440,1849-11-01,19.978,2.065,Taiwan
514441,1849-12-01,16.852,1.584,Taiwan
514442,1850-01-01,15.303,1.5730000000000002,Taiwan
514443,1850-02-01,16.328999999999994,1.919,Taiwan
514444,1850-03-01,18.451,2.214,Taiwan
514445,1850-04-01,20.189,2.123,Taiwan
514446,1850-05-01,23.354,2.189,Taiwan
514447,1850-06-01,25.565,1.35,Taiwan
514448,1850-07-01,26.769,1.337,Taiwan
514449,1850-08-01,27.065,1.879,Taiwan
514450,1850-09-01,25.045,1.266,Taiwan
514451,1850-10-01,23.12,1.676,Taiwan
514452,1850-11-01,20.281,1.625,Taiwan
514453,1850-12-01,17.594,1.972,Taiwan
514454,1851-01-01,16.762999999999998,1.461,Taiwan
514455,1851-02-01,16.488999999999994,1.628,Taiwan
514456,1851-03-01,17.549999999999994,1.604,Taiwan
514457,1851-04-01,19.651000000000003,1.786,Taiwan
514458,1851-05-01,23.396,1.254,Taiwan
514459,1851-06-01,24.917,1.47,Taiwan
514460,1851-07-01,27.119,1.467,Taiwan
514461,1851-08-01,26.939,1.558,Taiwan
514462,1851-09-01,24.807,1.23,Taiwan
514463,1851-10-01,22.538,2.557,Taiwan
514464,1851-11-01,21.112,2.195,Taiwan
514465,1851-12-01,18.059,2.789,Taiwan
514466,1852-01-01,16.5,2.267,Taiwan
514467,1852-02-01,15.755,1.519,Taiwan
514468,1852-03-01,16.862000000000002,1.589,Taiwan
514469,1852-04-01,20.009,1.55,Taiwan
514470,1852-05-01,24.202,1.481,Taiwan
514471,1852-06-01,26.271,1.68,Taiwan
514472,1852-07-01,27.88,1.596,Taiwan
514473,1852-08-01,26.515,1.371,Taiwan
514474,1852-09-01,24.757,1.456,Taiwan
514475,1852-10-01,23.457,1.435,Taiwan
514476,1852-11-01,20.293,1.913,Taiwan
514477,1852-12-01,17.098,2.011,Taiwan
514478,1853-01-01,15.313999999999998,1.702,Taiwan
514479,1853-02-01,15.000999999999998,1.614,Taiwan
514480,1853-03-01,18.956,2.411,Taiwan
514481,1853-04-01,21.355,1.895,Taiwan
514482,1853-05-01,24.276,1.321,Taiwan
514483,1853-06-01,26.192,1.02,Taiwan
514484,1853-07-01,27.775,1.136,Taiwan
514485,1853-08-01,26.711,1.7280000000000002,Taiwan
514486,1853-09-01,25.862,0.991,Taiwan
514487,1853-10-01,23.431,1.477,Taiwan
514488,1853-11-01,21.531,2.17,Taiwan
514489,1853-12-01,17.316,1.592,Taiwan
514490,1854-01-01,16.843999999999998,2.611,Taiwan
514491,1854-02-01,16.121,1.788,Taiwan
514492,1854-03-01,18.274,1.769,Taiwan
514493,1854-04-01,20.258000000000006,1.038,Taiwan
514494,1854-05-01,24.529,1.285,Taiwan
514495,1854-06-01,25.952,1.494,Taiwan
514496,1854-07-01,28.1,1.37,Taiwan
514497,1854-08-01,27.683000000000003,1.24,Taiwan
514498,1854-09-01,25.076,0.907,Taiwan
514499,1854-10-01,22.972,2.563,Taiwan
514500,1854-11-01,20.125,1.41,Taiwan
514501,1854-12-01,17.480999999999998,2.712,Taiwan
514502,1855-01-01,14.552,2.399,Taiwan
514503,1855-02-01,16.269000000000002,1.463,Taiwan
514504,1855-03-01,18.083,0.986,Taiwan
514505,1855-04-01,21.229000000000006,1.5419999999999998,Taiwan
514506,1855-05-01,24.713,1.445,Taiwan
514507,1855-06-01,25.438,1.148,Taiwan
514508,1855-07-01,27.132,1.122,Taiwan
514509,1855-08-01,26.674,0.911,Taiwan
514510,1855-09-01,25.128,0.882,Taiwan
514511,1855-10-01,22.393,2.023,Taiwan
514512,1855-11-01,20.004,1.185,Taiwan
514513,1855-12-01,17.315,1.947,Taiwan
514514,1856-01-01,14.286,1.898,Taiwan
514515,1856-02-01,15.259999999999998,2.232,Taiwan
514516,1856-03-01,17.352999999999998,1.462,Taiwan
514517,1856-04-01,20.43,1.0759999999999998,Taiwan
514518,1856-05-01,23.677,1.781,Taiwan
514519,1856-06-01,25.428,1.4280000000000002,Taiwan
514520,1856-07-01,26.647,1.722,Taiwan
514521,1856-08-01,26.657,2.12,Taiwan
514522,1856-09-01,25.787,1.797,Taiwan
514523,1856-10-01,22.285,1.244,Taiwan
514524,1856-11-01,19.553,1.981,Taiwan
514525,1856-12-01,16.935,1.505,Taiwan
514526,1857-01-01,15.749999999999998,1.527,Taiwan
514527,1857-02-01,16.991,2.227,Taiwan
514528,1857-03-01,18.256,1.734,Taiwan
514529,1857-04-01,20.774,1.521,Taiwan
514530,1857-05-01,23.221,1.06,Taiwan
514531,1857-06-01,25.576,1.443,Taiwan
514532,1857-07-01,27.288,1.33,Taiwan
514533,1857-08-01,26.06,1.656,Taiwan
514534,1857-09-01,24.608,0.908,Taiwan
514535,1857-10-01,22.688,1.446,Taiwan
514536,1857-11-01,20.064,1.379,Taiwan
514537,1857-12-01,18.129,1.501,Taiwan
514538,1858-01-01,16.061,2.024,Taiwan
514539,1858-02-01,15.544999999999998,1.514,Taiwan
514540,1858-03-01,17.517,1.138,Taiwan
514541,1858-04-01,20.633000000000006,1.877,Taiwan
514542,1858-05-01,23.04,1.413,Taiwan
514543,1858-06-01,25.604,1.32,Taiwan
514544,1858-07-01,26.489,1.245,Taiwan
514545,1858-08-01,25.606,1.849,Taiwan
514546,1858-09-01,25.079,1.392,Taiwan
514547,1858-10-01,22.979,1.21,Taiwan
514548,1858-11-01,20.25,1.3090000000000002,Taiwan
514549,1858-12-01,17.891,1.685,Taiwan
514550,1859-01-01,15.59,1.272,Taiwan
514551,1859-02-01,16.087,1.3030000000000002,Taiwan
514552,1859-03-01,16.842,1.788,Taiwan
514553,1859-04-01,21.551,1.568,Taiwan
514554,1859-05-01,24.393,1.212,Taiwan
514555,1859-06-01,26.589,1.2819999999999998,Taiwan
514556,1859-07-01,26.592,1.098,Taiwan
514557,1859-08-01,26.91,1.061,Taiwan
514558,1859-09-01,25.084,1.035,Taiwan
514559,1859-10-01,23.392,1.49,Taiwan
514560,1859-11-01,19.652,1.602,Taiwan
514561,1859-12-01,16.492,2.0340000000000003,Taiwan
514562,1860-01-01,15.741,1.099,Taiwan
514563,1860-02-01,16.787999999999997,1.401,Taiwan
514564,1860-03-01,17.502,2.546,Taiwan
514565,1860-04-01,20.304,1.383,Taiwan
514566,1860-05-01,22.963,1.021,Taiwan
514567,1860-06-01,25.691,0.991,Taiwan
514568,1860-07-01,26.537,1.166,Taiwan
514569,1860-08-01,27.001,1.015,Taiwan
514570,1860-09-01,25.112,1.35,Taiwan
514571,1860-10-01,22.875,1.384,Taiwan
514572,1860-11-01,19.459,1.4880000000000002,Taiwan
514573,1860-12-01,17.678,1.846,Taiwan
514574,1861-01-01,15.305,1.68,Taiwan
514575,1861-02-01,14.819,1.224,Taiwan
514576,1861-03-01,17.157999999999998,1.182,Taiwan
514577,1861-04-01,20.497,1.3259999999999998,Taiwan
514578,1861-05-01,23.182,1.6469999999999998,Taiwan
514579,1861-06-01,25.577,1.614,Taiwan
514580,1861-07-01,27.103,1.798,Taiwan
514581,1861-08-01,27.452,1.337,Taiwan
514582,1861-09-01,24.736,1.043,Taiwan
514583,1861-10-01,22.902,1.181,Taiwan
514584,1861-11-01,20.513,1.682,Taiwan
514585,1861-12-01,17.285,1.963,Taiwan
514586,1862-01-01,13.466,1.6769999999999998,Taiwan
514587,1862-02-01,13.858,2.071,Taiwan
514588,1862-03-01,16.334999999999994,1.356,Taiwan
514589,1862-04-01,20.276000000000003,1.349,Taiwan
514590,1862-05-01,23.728,1.595,Taiwan
514591,1862-06-01,25.536,1.388,Taiwan
514592,1862-07-01,26.986,1.479,Taiwan
514593,1862-08-01,25.508000000000003,2.07,Taiwan
514594,1862-09-01,25.008000000000003,1.519,Taiwan
514595,1862-10-01,22.266,1.592,Taiwan
514596,1862-11-01,18.719,1.868,Taiwan
514597,1862-12-01,15.688,1.4280000000000002,Taiwan
514598,1863-01-01,16.205,2.322,Taiwan
514599,1863-02-01,16.851,2.6710000000000003,Taiwan
514600,1863-03-01,17.636,1.237,Taiwan
514601,1863-04-01,19.543000000000006,2.506,Taiwan
514602,1863-05-01,23.042,1.8,Taiwan
514603,1863-06-01,25.362,1.635,Taiwan
514604,1863-07-01,27.792,2.081,Taiwan
514605,1863-08-01,26.161,1.351,Taiwan
514606,1863-09-01,24.651,1.186,Taiwan
514607,1863-10-01,21.818,1.726,Taiwan
514608,1863-11-01,18.673,2.834,Taiwan
514609,1863-12-01,16.41,1.815,Taiwan
514610,1864-01-01,13.884,2.434,Taiwan
514611,1864-02-01,14.494999999999996,2.37,Taiwan
514612,1864-03-01,15.938,2.7030000000000003,Taiwan
514613,1864-04-01,20.290000000000006,1.264,Taiwan
514614,1864-05-01,23.191,1.493,Taiwan
514615,1864-06-01,25.657,1.571,Taiwan
514616,1864-07-01,27.097,1.16,Taiwan
514617,1864-08-01,26.392,1.41,Taiwan
514618,1864-09-01,24.921,1.473,Taiwan
514619,1864-10-01,23.624,1.65,Taiwan
514620,1864-11-01,19.789,1.315,Taiwan
514621,1864-12-01,16.717,1.671,Taiwan
514622,1865-01-01,17.401,1.949,Taiwan
514623,1865-02-01,17.208,3.718,Taiwan
514624,1865-03-01,17.639999999999993,1.659,Taiwan
514625,1865-04-01,20.996,2.633,Taiwan
514626,1865-05-01,23.682,1.3969999999999998,Taiwan
514627,1865-06-01,26.069000000000003,1.252,Taiwan
514628,1865-07-01,,,Taiwan
514629,1865-08-01,27.134,1.4880000000000002,Taiwan
514630,1865-09-01,25.701,1.213,Taiwan
514631,1865-10-01,23.074,1.17,Taiwan
514632,1865-11-01,20.254,1.784,Taiwan
514633,1865-12-01,16.817,1.54,Taiwan
514634,1866-01-01,16.582,1.453,Taiwan
514635,1866-02-01,16.328999999999994,1.5119999999999998,Taiwan
514636,1866-03-01,17.711,1.785,Taiwan
514637,1866-04-01,19.259,1.509,Taiwan
514638,1866-05-01,24.413,1.456,Taiwan
514639,1866-06-01,24.503,1.254,Taiwan
514640,1866-07-01,27.213,1.22,Taiwan
514641,1866-08-01,27.978,1.796,Taiwan
514642,1866-09-01,25.131,0.971,Taiwan
514643,1866-10-01,22.706,0.987,Taiwan
514644,1866-11-01,19.789,1.231,Taiwan
514645,1866-12-01,17.486,1.65,Taiwan
514646,1867-01-01,15.616,1.148,Taiwan
514647,1867-02-01,16.837,1.255,Taiwan
514648,1867-03-01,18.906,1.436,Taiwan
514649,1867-04-01,21.265,1.569,Taiwan
514650,1867-05-01,23.469,0.909,Taiwan
514651,1867-06-01,26.592,1.298,Taiwan
514652,1867-07-01,,,Taiwan
514653,1867-08-01,26.623,1.134,Taiwan
514654,1867-09-01,25.486,1.371,Taiwan
514655,1867-10-01,23.988000000000003,1.064,Taiwan
514656,1867-11-01,19.602,1.992,Taiwan
514657,1867-12-01,17.785999999999998,2.126,Taiwan
514658,1868-01-01,16.468999999999998,2.154,Taiwan
514659,1868-02-01,16.842,3.404,Taiwan
514660,1868-03-01,17.761,1.195,Taiwan
514661,1868-04-01,20.877,1.519,Taiwan
514662,1868-05-01,23.729,1.287,Taiwan
514663,1868-06-01,25.299,1.239,Taiwan
514664,1868-07-01,27.064,1.023,Taiwan
514665,1868-08-01,26.913,1.22,Taiwan
514666,1868-09-01,25.671,1.3330000000000002,Taiwan
514667,1868-10-01,23.899,1.133,Taiwan
514668,1868-11-01,20.86,1.575,Taiwan
514669,1868-12-01,17.922,1.908,Taiwan
514670,1869-01-01,16.307000000000002,1.969,Taiwan
514671,1869-02-01,17.014999999999993,1.673,Taiwan
514672,1869-03-01,17.750999999999994,1.483,Taiwan
514673,1869-04-01,20.270000000000003,1.5019999999999998,Taiwan
514674,1869-05-01,24.179,1.203,Taiwan
514675,1869-06-01,26.164,1.19,Taiwan
514676,1869-07-01,27.676,1.37,Taiwan
514677,1869-08-01,27.331,1.101,Taiwan
514678,1869-09-01,26.153,1.126,Taiwan
514679,1869-10-01,23.385,1.077,Taiwan
514680,1869-11-01,19.644,2.008,Taiwan
514681,1869-12-01,17.505,1.6909999999999998,Taiwan
514682,1870-01-01,16.092,1.386,Taiwan
514683,1870-02-01,15.763999999999998,1.534,Taiwan
514684,1870-03-01,18.882,2.549,Taiwan
514685,1870-04-01,21.78700000000001,2.75,Taiwan
514686,1870-05-01,24.152,1.3,Taiwan
514687,1870-06-01,27.026,2.142,Taiwan
514688,1870-07-01,27.801,1.7280000000000002,Taiwan
514689,1870-08-01,26.893,1.264,Taiwan
514690,1870-09-01,25.457,1.634,Taiwan
514691,1870-10-01,23.585,1.466,Taiwan
514692,1870-11-01,19.887,1.378,Taiwan
514693,1870-12-01,17.076,1.924,Taiwan
514694,1871-01-01,16.33,1.901,Taiwan
514695,1871-02-01,16.002,1.619,Taiwan
514696,1871-03-01,18.44,1.5659999999999998,Taiwan
514697,1871-04-01,22.026000000000003,2.293,Taiwan
514698,1871-05-01,24.893,1.682,Taiwan
514699,1871-06-01,26.176,1.658,Taiwan
514700,1871-07-01,27.755,1.755,Taiwan
514701,1871-08-01,27.508000000000003,1.525,Taiwan
514702,1871-09-01,26.09,2.781,Taiwan
514703,1871-10-01,23.772,1.655,Taiwan
514704,1871-11-01,19.776,1.367,Taiwan
514705,1871-12-01,15.434,1.876,Taiwan
514706,1872-01-01,15.653999999999998,2.338,Taiwan
514707,1872-02-01,14.339999999999998,1.733,Taiwan
514708,1872-03-01,18.232,1.545,Taiwan
514709,1872-04-01,22.22600000000001,1.978,Taiwan
514710,1872-05-01,24.611,1.264,Taiwan
514711,1872-06-01,25.308000000000003,1.564,Taiwan
514712,1872-07-01,28.283,2.082,Taiwan
514713,1872-08-01,27.648000000000003,1.778,Taiwan
514714,1872-09-01,25.626,1.061,Taiwan
514715,1872-10-01,23.282,0.932,Taiwan
514716,1872-11-01,20.352,1.068,Taiwan
514717,1872-12-01,18.576,1.52,Taiwan
514718,1873-01-01,14.890999999999998,1.5930000000000002,Taiwan
514719,1873-02-01,15.858999999999998,1.251,Taiwan
514720,1873-03-01,17.363999999999994,1.097,Taiwan
514721,1873-04-01,21.103,2.444,Taiwan
514722,1873-05-01,23.724,1.597,Taiwan
514723,1873-06-01,25.08,1.156,Taiwan
514724,1873-07-01,27.082,1.919,Taiwan
514725,1873-08-01,26.534,1.118,Taiwan
514726,1873-09-01,25.58,1.062,Taiwan
514727,1873-10-01,22.962,1.07,Taiwan
514728,1873-11-01,20.973000000000003,1.242,Taiwan
514729,1873-12-01,18.552,1.341,Taiwan
514730,1874-01-01,14.912,1.846,Taiwan
514731,1874-02-01,16.125,1.378,Taiwan
514732,1874-03-01,17.040999999999997,1.876,Taiwan
514733,1874-04-01,20.81600000000001,1.136,Taiwan
514734,1874-05-01,23.851,1.48,Taiwan
514735,1874-06-01,27.205,1.471,Taiwan
514736,1874-07-01,27.216,1.422,Taiwan
514737,1874-08-01,27.007,1.054,Taiwan
514738,1874-09-01,25.971,1.202,Taiwan
514739,1874-10-01,23.892,1.413,Taiwan
514740,1874-11-01,19.407,1.2819999999999998,Taiwan
514741,1874-12-01,18.251,1.271,Taiwan
514742,1875-01-01,14.711,1.357,Taiwan
514743,1875-02-01,15.573,1.3330000000000002,Taiwan
514744,1875-03-01,18.698,1.939,Taiwan
514745,1875-04-01,20.622,1.222,Taiwan
514746,1875-05-01,24.66,1.631,Taiwan
514747,1875-06-01,25.822,1.618,Taiwan
514748,1875-07-01,27.688,1.297,Taiwan
514749,1875-08-01,27.08,2.24,Taiwan
514750,1875-09-01,25.201,1.197,Taiwan
514751,1875-10-01,23.192,1.116,Taiwan
514752,1875-11-01,19.877,1.416,Taiwan
514753,1875-12-01,15.126,1.686,Taiwan
514754,1876-01-01,14.358999999999998,1.151,Taiwan
514755,1876-02-01,16.220999999999997,1.1840000000000002,Taiwan
514756,1876-03-01,17.927,1.771,Taiwan
514757,1876-04-01,20.184,1.117,Taiwan
514758,1876-05-01,23.568,1.288,Taiwan
514759,1876-06-01,25.155,2.0780000000000003,Taiwan
514760,1876-07-01,26.268,1.54,Taiwan
514761,1876-08-01,26.152,1.219,Taiwan
514762,1876-09-01,25.543000000000003,1.226,Taiwan
514763,1876-10-01,23.055,1.203,Taiwan
514764,1876-11-01,19.694000000000003,1.138,Taiwan
514765,1876-12-01,17.339000000000002,1.868,Taiwan
514766,1877-01-01,16.413999999999998,1.729,Taiwan
514767,1877-02-01,15.137,1.4680000000000002,Taiwan
514768,1877-03-01,17.5,1.183,Taiwan
514769,1877-04-01,21.049000000000003,1.723,Taiwan
514770,1877-05-01,23.905,1.773,Taiwan
514771,1877-06-01,25.941,1.847,Taiwan
514772,1877-07-01,26.86,1.947,Taiwan
514773,1877-08-01,26.561,2.1,Taiwan
514774,1877-09-01,25.69,1.133,Taiwan
514775,1877-10-01,22.666,1.608,Taiwan
514776,1877-11-01,21.396,1.6030000000000002,Taiwan
514777,1877-12-01,17.933,2.19,Taiwan
514778,1878-01-01,13.841,1.803,Taiwan
514779,1878-02-01,14.915,1.766,Taiwan
514780,1878-03-01,18.166,1.4480000000000002,Taiwan
514781,1878-04-01,21.484,1.521,Taiwan
514782,1878-05-01,23.836,1.116,Taiwan
514783,1878-06-01,25.934,1.2009999999999998,Taiwan
514784,1878-07-01,27.548,1.338,Taiwan
514785,1878-08-01,26.924,1.045,Taiwan
514786,1878-09-01,26.324,1.6909999999999998,Taiwan
514787,1878-10-01,24.363000000000003,1.232,Taiwan
514788,1878-11-01,21.278,1.287,Taiwan
514789,1878-12-01,17.192,1.287,Taiwan
514790,1879-01-01,15.919999999999998,1.005,Taiwan
514791,1879-02-01,17.36,1.063,Taiwan
514792,1879-03-01,17.462999999999994,0.989,Taiwan
514793,1879-04-01,20.841,1.328,Taiwan
514794,1879-05-01,24.663,1.658,Taiwan
514795,1879-06-01,25.412,1.018,Taiwan
514796,1879-07-01,27.419,1.898,Taiwan
514797,1879-08-01,27.303,1.429,Taiwan
514798,1879-09-01,25.548,1.127,Taiwan
514799,1879-10-01,23.478,1.107,Taiwan
514800,1879-11-01,20.493,1.347,Taiwan
514801,1879-12-01,16.838,1.112,Taiwan
514802,1880-01-01,15.028,1.163,Taiwan
514803,1880-02-01,16.043,0.878,Taiwan
514804,1880-03-01,17.987000000000002,1.3119999999999998,Taiwan
514805,1880-04-01,20.08,0.879,Taiwan
514806,1880-05-01,23.936,1.3330000000000002,Taiwan
514807,1880-06-01,25.201,1.065,Taiwan
514808,1880-07-01,26.337,0.91,Taiwan
514809,1880-08-01,25.714,1.208,Taiwan
514810,1880-09-01,25.752,1.126,Taiwan
514811,1880-10-01,23.965,0.975,Taiwan
514812,1880-11-01,19.335,1.713,Taiwan
514813,1880-12-01,15.649,1.057,Taiwan
514814,1881-01-01,15.271,1.117,Taiwan
514815,1881-02-01,17.375999999999998,2.111,Taiwan
514816,1881-03-01,16.061999999999998,1.017,Taiwan
514817,1881-04-01,20.888,0.931,Taiwan
514818,1881-05-01,23.398000000000003,1.04,Taiwan
514819,1881-06-01,25.265,1.21,Taiwan
514820,1881-07-01,26.521,0.975,Taiwan
514821,1881-08-01,26.604,0.958,Taiwan
514822,1881-09-01,25.552,0.943,Taiwan
514823,1881-10-01,23.178,1.22,Taiwan
514824,1881-11-01,20.728,0.976,Taiwan
514825,1881-12-01,17.505,1.237,Taiwan
514826,1882-01-01,16.906,1.242,Taiwan
514827,1882-02-01,15.948999999999998,1.133,Taiwan
514828,1882-03-01,17.500999999999998,1.112,Taiwan
514829,1882-04-01,20.458,0.858,Taiwan
514830,1882-05-01,23.326,0.933,Taiwan
514831,1882-06-01,24.972,0.963,Taiwan
514832,1882-07-01,25.918000000000003,1.129,Taiwan
514833,1882-08-01,25.753,1.064,Taiwan
514834,1882-09-01,25.457,0.964,Taiwan
514835,1882-10-01,24.156,1.138,Taiwan
514836,1882-11-01,19.866,0.8440000000000001,Taiwan
514837,1882-12-01,16.453,1.017,Taiwan
514838,1883-01-01,15.287999999999998,0.944,Taiwan
514839,1883-02-01,15.544,1.267,Taiwan
514840,1883-03-01,17.380999999999997,1.138,Taiwan
514841,1883-04-01,20.947000000000006,0.908,Taiwan
514842,1883-05-01,23.701,0.816,Taiwan
514843,1883-06-01,25.534,1.048,Taiwan
514844,1883-07-01,26.683000000000003,1.033,Taiwan
514845,1883-08-01,26.069000000000003,0.813,Taiwan
514846,1883-09-01,25.128,1.68,Taiwan
514847,1883-10-01,23.426,0.8140000000000001,Taiwan
514848,1883-11-01,19.976,0.915,Taiwan
514849,1883-12-01,16.045,1.0590000000000002,Taiwan
514850,1884-01-01,16.855999999999998,1.314,Taiwan
514851,1884-02-01,14.390999999999998,1.138,Taiwan
514852,1884-03-01,17.226,1.0490000000000002,Taiwan
514853,1884-04-01,19.278,1.084,Taiwan
514854,1884-05-01,22.389,1.801,Taiwan
514855,1884-06-01,24.594,1.089,Taiwan
514856,1884-07-01,26.521,0.8009999999999999,Taiwan
514857,1884-08-01,26.208,0.797,Taiwan
514858,1884-09-01,25.459,0.8140000000000001,Taiwan
514859,1884-10-01,23.253,0.826,Taiwan
514860,1884-11-01,18.654,1.0490000000000002,Taiwan
514861,1884-12-01,15.640999999999998,1.16,Taiwan
514862,1885-01-01,15.057,1.145,Taiwan
514863,1885-02-01,13.797999999999998,2.323,Taiwan
514864,1885-03-01,16.631999999999998,1.4069999999999998,Taiwan
514865,1885-04-01,20.484,1.693,Taiwan
514866,1885-05-01,23.557,0.8809999999999999,Taiwan
514867,1885-06-01,25.29,1.301,Taiwan
514868,1885-07-01,26.116,1.113,Taiwan
514869,1885-08-01,26.212,1.111,Taiwan
514870,1885-09-01,24.839,0.954,Taiwan
514871,1885-10-01,22.983,0.981,Taiwan
514872,1885-11-01,19.709,1.137,Taiwan
514873,1885-12-01,17.745,1.247,Taiwan
514874,1886-01-01,14.941,1.005,Taiwan
514875,1886-02-01,12.836,2.406,Taiwan
514876,1886-03-01,17.313,0.772,Taiwan
514877,1886-04-01,20.183,0.773,Taiwan
514878,1886-05-01,23.197,0.884,Taiwan
514879,1886-06-01,24.576,0.866,Taiwan
514880,1886-07-01,26.472,1.286,Taiwan
514881,1886-08-01,26.263,0.86,Taiwan
514882,1886-09-01,24.771,1.126,Taiwan
514883,1886-10-01,23.884,0.959,Taiwan
514884,1886-11-01,20.282,1.209,Taiwan
514885,1886-12-01,15.918,1.404,Taiwan
514886,1887-01-01,15.822,1.048,Taiwan
514887,1887-02-01,14.768999999999998,1.779,Taiwan
514888,1887-03-01,17.261999999999997,1.071,Taiwan
514889,1887-04-01,20.774,1.889,Taiwan
514890,1887-05-01,23.121,1.256,Taiwan
514891,1887-06-01,25.464,1.5219999999999998,Taiwan
514892,1887-07-01,26.478,0.976,Taiwan
514893,1887-08-01,26.388,1.133,Taiwan
514894,1887-09-01,26.064,0.942,Taiwan
514895,1887-10-01,23.408,0.878,Taiwan
514896,1887-11-01,20.408,1.06,Taiwan
514897,1887-12-01,17.590999999999998,0.86,Taiwan
514898,1888-01-01,16.622999999999998,1.1909999999999998,Taiwan
514899,1888-02-01,14.596999999999998,2.727,Taiwan
514900,1888-03-01,18.681,0.981,Taiwan
514901,1888-04-01,21.557,1.119,Taiwan
514902,1888-05-01,23.913,0.872,Taiwan
514903,1888-06-01,25.196,1.037,Taiwan
514904,1888-07-01,27.29,0.973,Taiwan
514905,1888-08-01,26.873,0.914,Taiwan
514906,1888-09-01,25.606,0.856,Taiwan
514907,1888-10-01,23.08,1.315,Taiwan
514908,1888-11-01,21.34,0.836,Taiwan
514909,1888-12-01,18.383,0.98,Taiwan
514910,1889-01-01,14.854,1.064,Taiwan
514911,1889-02-01,15.326,1.108,Taiwan
514912,1889-03-01,18.201,0.979,Taiwan
514913,1889-04-01,20.804,1.193,Taiwan
514914,1889-05-01,23.661,1.248,Taiwan
514915,1889-06-01,26.593000000000004,0.76,Taiwan
514916,1889-07-01,27.625,1.3159999999999998,Taiwan
514917,1889-08-01,26.342,0.878,Taiwan
514918,1889-09-01,25.141,1.038,Taiwan
514919,1889-10-01,23.791,1.526,Taiwan
514920,1889-11-01,20.13,1.057,Taiwan
514921,1889-12-01,17.1,1.3730000000000002,Taiwan
514922,1890-01-01,15.963,0.944,Taiwan
514923,1890-02-01,17.86,1.335,Taiwan
514924,1890-03-01,17.157999999999998,1.74,Taiwan
514925,1890-04-01,21.89,1.26,Taiwan
514926,1890-05-01,23.512,1.545,Taiwan
514927,1890-06-01,25.492,1.278,Taiwan
514928,1890-07-01,26.751,1.239,Taiwan
514929,1890-08-01,26.209,0.8029999999999999,Taiwan
514930,1890-09-01,24.857,0.935,Taiwan
514931,1890-10-01,22.758000000000003,0.846,Taiwan
514932,1890-11-01,20.494,1.042,Taiwan
514933,1890-12-01,19.214,0.858,Taiwan
514934,1891-01-01,16.793,1.472,Taiwan
514935,1891-02-01,15.617,1.414,Taiwan
514936,1891-03-01,16.9,0.6809999999999999,Taiwan
514937,1891-04-01,19.565,0.7979999999999999,Taiwan
514938,1891-05-01,23.459,1.369,Taiwan
514939,1891-06-01,25.071,1.716,Taiwan
514940,1891-07-01,26.571,0.539,Taiwan
514941,1891-08-01,26.295,0.642,Taiwan
514942,1891-09-01,25.902,0.6659999999999999,Taiwan
514943,1891-10-01,24.349,1.162,Taiwan
514944,1891-11-01,20.576,0.977,Taiwan
514945,1891-12-01,17.835,0.821,Taiwan
514946,1892-01-01,16.2,0.858,Taiwan
514947,1892-02-01,16.732999999999997,0.913,Taiwan
514948,1892-03-01,17.069999999999997,1.486,Taiwan
514949,1892-04-01,20.995,1.379,Taiwan
514950,1892-05-01,23.365,0.977,Taiwan
514951,1892-06-01,25.532,0.653,Taiwan
514952,1892-07-01,26.668000000000003,1.144,Taiwan
514953,1892-08-01,26.632,1.268,Taiwan
514954,1892-09-01,24.805,0.775,Taiwan
514955,1892-10-01,22.673,0.664,Taiwan
514956,1892-11-01,20.929,0.901,Taiwan
514957,1892-12-01,15.809,0.982,Taiwan
514958,1893-01-01,14.441,1.11,Taiwan
514959,1893-02-01,14.409999999999998,0.62,Taiwan
514960,1893-03-01,17.232,1.221,Taiwan
514961,1893-04-01,20.304,0.6609999999999999,Taiwan
514962,1893-05-01,22.668000000000003,1.1,Taiwan
514963,1893-06-01,25.608,0.969,Taiwan
514964,1893-07-01,26.749,1.784,Taiwan
514965,1893-08-01,26.49,0.7859999999999999,Taiwan
514966,1893-09-01,26.081,1.422,Taiwan
514967,1893-10-01,23.017,0.644,Taiwan
514968,1893-11-01,19.46,0.688,Taiwan
514969,1893-12-01,17.442999999999998,1.083,Taiwan
514970,1894-01-01,16.459999999999994,1.414,Taiwan
514971,1894-02-01,16.101999999999997,1.231,Taiwan
514972,1894-03-01,17.755,0.8440000000000001,Taiwan
514973,1894-04-01,21.075000000000006,0.695,Taiwan
514974,1894-05-01,23.478,0.69,Taiwan
514975,1894-06-01,25.489,0.6409999999999999,Taiwan
514976,1894-07-01,26.639,1.5319999999999998,Taiwan
514977,1894-08-01,26.642,1.888,Taiwan
514978,1894-09-01,25.719,1.23,Taiwan
514979,1894-10-01,22.864,0.598,Taiwan
514980,1894-11-01,20.851,0.897,Taiwan
514981,1894-12-01,17.062,0.7240000000000001,Taiwan
514982,1895-01-01,14.459,0.8079999999999999,Taiwan
514983,1895-02-01,16.241999999999994,0.872,Taiwan
514984,1895-03-01,17.418,0.755,Taiwan
514985,1895-04-01,20.931,0.6729999999999999,Taiwan
514986,1895-05-01,23.696,1.119,Taiwan
514987,1895-06-01,25.724,0.775,Taiwan
514988,1895-07-01,26.667,0.643,Taiwan
514989,1895-08-01,26.496,0.5760000000000001,Taiwan
514990,1895-09-01,25.232,0.99,Taiwan
514991,1895-10-01,22.69,1.101,Taiwan
514992,1895-11-01,19.971,0.696,Taiwan
514993,1895-12-01,17.118,0.763,Taiwan
514994,1896-01-01,16.383,0.928,Taiwan
514995,1896-02-01,15.050999999999998,1.398,Taiwan
514996,1896-03-01,16.61,0.971,Taiwan
514997,1896-04-01,21.386000000000006,1.156,Taiwan
514998,1896-05-01,23.279,0.664,Taiwan
514999,1896-06-01,25.961,0.629,Taiwan
515000,1896-07-01,26.937,0.873,Taiwan
515001,1896-08-01,26.932,0.816,Taiwan
515002,1896-09-01,25.994,0.878,Taiwan
515003,1896-10-01,24.019,0.972,Taiwan
515004,1896-11-01,21.378,0.878,Taiwan
515005,1896-12-01,17.235,0.7170000000000001,Taiwan
515006,1897-01-01,18.074,0.768,Taiwan
515007,1897-02-01,14.647999999999998,1.228,Taiwan
515008,1897-03-01,18.742,0.977,Taiwan
515009,1897-04-01,20.123,0.994,Taiwan
515010,1897-05-01,24.631,0.606,Taiwan
515011,1897-06-01,25.895,0.387,Taiwan
515012,1897-07-01,26.685,0.37,Taiwan
515013,1897-08-01,26.375,0.5920000000000001,Taiwan
515014,1897-09-01,26.453000000000003,0.613,Taiwan
515015,1897-10-01,23.985,0.768,Taiwan
515016,1897-11-01,21.303,0.684,Taiwan
515017,1897-12-01,17.439,0.861,Taiwan
515018,1898-01-01,16.299,0.8,Taiwan
515019,1898-02-01,17.529999999999998,0.606,Taiwan
515020,1898-03-01,18.54,0.759,Taiwan
515021,1898-04-01,20.28,0.513,Taiwan
515022,1898-05-01,25.049,0.486,Taiwan
515023,1898-06-01,25.46,0.545,Taiwan
515024,1898-07-01,26.595,0.816,Taiwan
515025,1898-08-01,26.223000000000003,0.624,Taiwan
515026,1898-09-01,25.638,0.295,Taiwan
515027,1898-10-01,23.21,0.51,Taiwan
515028,1898-11-01,20.827,0.618,Taiwan
515029,1898-12-01,16.679000000000002,0.54,Taiwan
515030,1899-01-01,15.640999999999998,0.6779999999999999,Taiwan
515031,1899-02-01,15.313999999999998,0.892,Taiwan
515032,1899-03-01,17.328,0.943,Taiwan
515033,1899-04-01,20.684,0.6940000000000001,Taiwan
515034,1899-05-01,23.162,0.454,Taiwan
515035,1899-06-01,24.849,0.424,Taiwan
515036,1899-07-01,27.021,0.354,Taiwan
515037,1899-08-01,26.395,0.366,Taiwan
515038,1899-09-01,25.204,0.68,Taiwan
515039,1899-10-01,22.067,0.519,Taiwan
515040,1899-11-01,19.742,0.562,Taiwan
515041,1899-12-01,19.314,0.474,Taiwan
515042,1900-01-01,15.624999999999998,0.995,Taiwan
515043,1900-02-01,14.980999999999998,0.6679999999999999,Taiwan
515044,1900-03-01,17.444000000000003,0.5770000000000001,Taiwan
515045,1900-04-01,21.610000000000007,0.393,Taiwan
515046,1900-05-01,23.846,0.289,Taiwan
515047,1900-06-01,25.205,0.578,Taiwan
515048,1900-07-01,27.033,0.923,Taiwan
515049,1900-08-01,27.054,0.431,Taiwan
515050,1900-09-01,25.471,0.713,Taiwan
515051,1900-10-01,23.716,0.81,Taiwan
515052,1900-11-01,20.702,0.396,Taiwan
515053,1900-12-01,18.224,0.54,Taiwan
515054,1901-01-01,18.269,0.4970000000000001,Taiwan
515055,1901-02-01,12.682999999999998,0.536,Taiwan
515056,1901-03-01,17.387999999999998,0.351,Taiwan
515057,1901-04-01,21.655,0.534,Taiwan
515058,1901-05-01,23.579,0.421,Taiwan
515059,1901-06-01,25.347,0.391,Taiwan
515060,1901-07-01,26.891,0.5770000000000001,Taiwan
515061,1901-08-01,26.028,0.748,Taiwan
515062,1901-09-01,24.791,0.588,Taiwan
515063,1901-10-01,22.834,0.436,Taiwan
515064,1901-11-01,19.993,0.528,Taiwan
515065,1901-12-01,16.904,0.342,Taiwan
515066,1902-01-01,16.927,0.696,Taiwan
515067,1902-02-01,14.770999999999995,0.51,Taiwan
515068,1902-03-01,19.66,0.56,Taiwan
515069,1902-04-01,21.535,0.281,Taiwan
515070,1902-05-01,24.126,0.471,Taiwan
515071,1902-06-01,25.166,0.409,Taiwan
515072,1902-07-01,26.81,0.551,Taiwan
515073,1902-08-01,26.774,0.552,Taiwan
515074,1902-09-01,24.673,0.411,Taiwan
515075,1902-10-01,22.726,0.407,Taiwan
515076,1902-11-01,21.985,0.324,Taiwan
515077,1902-12-01,18.359,0.7040000000000001,Taiwan
515078,1903-01-01,15.463,0.705,Taiwan
515079,1903-02-01,14.922,0.568,Taiwan
515080,1903-03-01,19.493,0.445,Taiwan
515081,1903-04-01,21.24,0.637,Taiwan
515082,1903-05-01,23.12,0.321,Taiwan
515083,1903-06-01,25.315,0.478,Taiwan
515084,1903-07-01,26.754,0.479,Taiwan
515085,1903-08-01,25.766,0.586,Taiwan
515086,1903-09-01,25.381,0.359,Taiwan
515087,1903-10-01,23.284,0.485,Taiwan
515088,1903-11-01,19.509,0.459,Taiwan
515089,1903-12-01,16.506999999999998,0.477,Taiwan
515090,1904-01-01,15.69,0.573,Taiwan
515091,1904-02-01,16.427,0.754,Taiwan
515092,1904-03-01,17.453999999999994,0.369,Taiwan
515093,1904-04-01,21.161,0.291,Taiwan
515094,1904-05-01,23.101,0.387,Taiwan
515095,1904-06-01,25.079,0.429,Taiwan
515096,1904-07-01,25.469,0.417,Taiwan
515097,1904-08-01,25.782,0.602,Taiwan
515098,1904-09-01,25.489,0.229,Taiwan
515099,1904-10-01,23.427,0.258,Taiwan
515100,1904-11-01,19.665,0.288,Taiwan
515101,1904-12-01,16.201,0.539,Taiwan
515102,1905-01-01,17.865,0.65,Taiwan
515103,1905-02-01,14.768999999999998,0.473,Taiwan
515104,1905-03-01,16.654999999999998,0.51,Taiwan
515105,1905-04-01,19.558,0.421,Taiwan
515106,1905-05-01,24.076,0.268,Taiwan
515107,1905-06-01,25.608,0.37,Taiwan
515108,1905-07-01,26.531,0.414,Taiwan
515109,1905-08-01,26.715,0.272,Taiwan
515110,1905-09-01,25.564,0.348,Taiwan
515111,1905-10-01,23.311,0.283,Taiwan
515112,1905-11-01,19.851,0.66,Taiwan
515113,1905-12-01,18.887,0.436,Taiwan
515114,1906-01-01,15.886,0.5529999999999999,Taiwan
515115,1906-02-01,16.334999999999994,0.417,Taiwan
515116,1906-03-01,17.102999999999998,0.315,Taiwan
515117,1906-04-01,21.382,0.485,Taiwan
515118,1906-05-01,24.34,0.643,Taiwan
515119,1906-06-01,26.687,0.465,Taiwan
515120,1906-07-01,26.886,0.379,Taiwan
515121,1906-08-01,27.295,0.348,Taiwan
515122,1906-09-01,26.349,0.255,Taiwan
515123,1906-10-01,22.601,0.385,Taiwan
515124,1906-11-01,19.733,0.309,Taiwan
515125,1906-12-01,17.659000000000002,0.628,Taiwan
515126,1907-01-01,16.619,0.327,Taiwan
515127,1907-02-01,15.239,0.341,Taiwan
515128,1907-03-01,17.761999999999997,0.329,Taiwan
515129,1907-04-01,19.96,0.3670000000000001,Taiwan
515130,1907-05-01,22.691,0.403,Taiwan
515131,1907-06-01,24.725,0.334,Taiwan
515132,1907-07-01,26.233,0.19,Taiwan
515133,1907-08-01,26.991,0.3,Taiwan
515134,1907-09-01,25.644,0.3,Taiwan
515135,1907-10-01,24.713,0.288,Taiwan
515136,1907-11-01,21.858,0.227,Taiwan
515137,1907-12-01,17.273,0.462,Taiwan
515138,1908-01-01,16.924,0.535,Taiwan
515139,1908-02-01,15.598999999999998,0.494,Taiwan
515140,1908-03-01,16.81,0.64,Taiwan
515141,1908-04-01,20.202,0.353,Taiwan
515142,1908-05-01,22.937,0.305,Taiwan
515143,1908-06-01,25.415,0.3229999999999999,Taiwan
515144,1908-07-01,27.037,0.456,Taiwan
515145,1908-08-01,26.275,0.362,Taiwan
515146,1908-09-01,26.044,0.282,Taiwan
515147,1908-10-01,24.195,0.42,Taiwan
515148,1908-11-01,20.471,0.33,Taiwan
515149,1908-12-01,18.728,0.738,Taiwan
515150,1909-01-01,16.987000000000002,0.351,Taiwan
515151,1909-02-01,16.634999999999998,0.259,Taiwan
515152,1909-03-01,17.88,0.359,Taiwan
515153,1909-04-01,20.492,0.398,Taiwan
515154,1909-05-01,22.561,0.268,Taiwan
515155,1909-06-01,26.518,0.245,Taiwan
515156,1909-07-01,27.117,0.421,Taiwan
515157,1909-08-01,27.135,0.304,Taiwan
515158,1909-09-01,26.461,0.368,Taiwan
515159,1909-10-01,24.471,0.397,Taiwan
515160,1909-11-01,20.784,0.235,Taiwan
515161,1909-12-01,17.413,0.472,Taiwan
515162,1910-01-01,16.407,0.59,Taiwan
515163,1910-02-01,15.843999999999998,0.525,Taiwan
515164,1910-03-01,17.976999999999997,0.33,Taiwan
515165,1910-04-01,20.15,0.357,Taiwan
515166,1910-05-01,23.485,0.226,Taiwan
515167,1910-06-01,26.633000000000003,0.371,Taiwan
515168,1910-07-01,27.063,0.216,Taiwan
515169,1910-08-01,26.609,0.45,Taiwan
515170,1910-09-01,25.627,0.286,Taiwan
515171,1910-10-01,22.403,0.28,Taiwan
515172,1910-11-01,20.451,0.271,Taiwan
515173,1910-12-01,17.075,0.424,Taiwan
515174,1911-01-01,15.884,0.365,Taiwan
515175,1911-02-01,16.06,0.546,Taiwan
515176,1911-03-01,18.198,0.375,Taiwan
515177,1911-04-01,20.326,0.292,Taiwan
515178,1911-05-01,23.183000000000003,0.397,Taiwan
515179,1911-06-01,26.997,0.239,Taiwan
515180,1911-07-01,26.574,0.36,Taiwan
515181,1911-08-01,26.122,0.272,Taiwan
515182,1911-09-01,25.574,0.358,Taiwan
515183,1911-10-01,21.94,0.335,Taiwan
515184,1911-11-01,20.077,0.252,Taiwan
515185,1911-12-01,18.817,0.505,Taiwan
515186,1912-01-01,15.729,0.634,Taiwan
515187,1912-02-01,16.724999999999998,0.521,Taiwan
515188,1912-03-01,18.446,0.392,Taiwan
515189,1912-04-01,21.22,0.304,Taiwan
515190,1912-05-01,23.947,0.403,Taiwan
515191,1912-06-01,25.307,0.235,Taiwan
515192,1912-07-01,27.22,0.142,Taiwan
515193,1912-08-01,26.385,0.253,Taiwan
515194,1912-09-01,25.328000000000003,0.202,Taiwan
515195,1912-10-01,22.592,0.313,Taiwan
515196,1912-11-01,20.186,0.294,Taiwan
515197,1912-12-01,17.649,0.25,Taiwan
515198,1913-01-01,15.975,0.3670000000000001,Taiwan
515199,1913-02-01,16.269000000000002,0.515,Taiwan
515200,1913-03-01,16.826999999999998,0.425,Taiwan
515201,1913-04-01,21.571,0.266,Taiwan
515202,1913-05-01,23.636,0.172,Taiwan
515203,1913-06-01,26.231,0.509,Taiwan
515204,1913-07-01,26.717,0.1639999999999999,Taiwan
515205,1913-08-01,26.909,0.308,Taiwan
515206,1913-09-01,25.771,0.218,Taiwan
515207,1913-10-01,22.508000000000003,0.389,Taiwan
515208,1913-11-01,21.05,0.362,Taiwan
515209,1913-12-01,16.834,0.258,Taiwan
515210,1914-01-01,16.381,0.607,Taiwan
515211,1914-02-01,16.651999999999994,0.415,Taiwan
515212,1914-03-01,19.1,0.291,Taiwan
515213,1914-04-01,21.186,0.398,Taiwan
515214,1914-05-01,23.893,0.602,Taiwan
515215,1914-06-01,25.674,0.217,Taiwan
515216,1914-07-01,26.649,0.228,Taiwan
515217,1914-08-01,26.629,0.406,Taiwan
515218,1914-09-01,25.027,0.364,Taiwan
515219,1914-10-01,23.596,0.309,Taiwan
515220,1914-11-01,20.787,0.282,Taiwan
515221,1914-12-01,18.5,0.35,Taiwan
515222,1915-01-01,16.57,0.356,Taiwan
515223,1915-02-01,17.523999999999994,0.413,Taiwan
515224,1915-03-01,17.511999999999997,0.5660000000000001,Taiwan
515225,1915-04-01,21.753,0.241,Taiwan
515226,1915-05-01,22.262,0.362,Taiwan
515227,1915-06-01,26.242,0.281,Taiwan
515228,1915-07-01,27.462,0.455,Taiwan
515229,1915-08-01,27.408,0.453,Taiwan
515230,1915-09-01,26.0,0.292,Taiwan
515231,1915-10-01,25.08,0.237,Taiwan
515232,1915-11-01,22.122,0.512,Taiwan
515233,1915-12-01,18.007,0.258,Taiwan
515234,1916-01-01,16.802999999999994,0.444,Taiwan
515235,1916-02-01,16.238999999999994,0.5920000000000001,Taiwan
515236,1916-03-01,15.925999999999998,0.66,Taiwan
515237,1916-04-01,21.193,0.285,Taiwan
515238,1916-05-01,24.483,0.37,Taiwan
515239,1916-06-01,25.925,0.222,Taiwan
515240,1916-07-01,27.598000000000003,0.215,Taiwan
515241,1916-08-01,26.518,0.338,Taiwan
515242,1916-09-01,26.056,0.3720000000000001,Taiwan
515243,1916-10-01,23.12,0.27,Taiwan
515244,1916-11-01,20.407,0.314,Taiwan
515245,1916-12-01,17.750999999999998,0.457,Taiwan
515246,1917-01-01,14.328,0.6729999999999999,Taiwan
515247,1917-02-01,14.957999999999998,0.836,Taiwan
515248,1917-03-01,16.549,0.291,Taiwan
515249,1917-04-01,20.015,0.343,Taiwan
515250,1917-05-01,22.317,0.259,Taiwan
515251,1917-06-01,26.09,0.3670000000000001,Taiwan
515252,1917-07-01,25.897,0.422,Taiwan
515253,1917-08-01,26.881,0.316,Taiwan
515254,1917-09-01,26.196,0.374,Taiwan
515255,1917-10-01,23.293000000000003,0.28,Taiwan
515256,1917-11-01,19.674,0.411,Taiwan
515257,1917-12-01,15.337,0.407,Taiwan
515258,1918-01-01,12.725,0.315,Taiwan
515259,1918-02-01,15.159,0.645,Taiwan
515260,1918-03-01,17.194999999999997,0.47,Taiwan
515261,1918-04-01,20.821,0.271,Taiwan
515262,1918-05-01,23.218000000000004,0.245,Taiwan
515263,1918-06-01,26.001,0.293,Taiwan
515264,1918-07-01,26.642,0.266,Taiwan
515265,1918-08-01,25.711,0.331,Taiwan
515266,1918-09-01,25.261,0.374,Taiwan
515267,1918-10-01,22.801,0.252,Taiwan
515268,1918-11-01,20.802,0.295,Taiwan
515269,1918-12-01,19.088,0.241,Taiwan
515270,1919-01-01,16.497,0.493,Taiwan
515271,1919-02-01,15.509999999999998,0.476,Taiwan
515272,1919-03-01,19.849,0.542,Taiwan
515273,1919-04-01,21.246,0.469,Taiwan
515274,1919-05-01,23.363000000000003,0.364,Taiwan
515275,1919-06-01,26.835,0.298,Taiwan
515276,1919-07-01,27.138,0.268,Taiwan
515277,1919-08-01,26.886,0.314,Taiwan
515278,1919-09-01,24.827,0.246,Taiwan
515279,1919-10-01,22.377,0.279,Taiwan
515280,1919-11-01,19.942,0.309,Taiwan
515281,1919-12-01,16.608,0.398,Taiwan
515282,1920-01-01,15.159999999999998,0.208,Taiwan
515283,1920-02-01,16.366999999999994,0.6559999999999999,Taiwan
515284,1920-03-01,18.11,0.4,Taiwan
515285,1920-04-01,19.871,0.624,Taiwan
515286,1920-05-01,22.998,0.443,Taiwan
515287,1920-06-01,25.297,0.316,Taiwan
515288,1920-07-01,26.614,0.238,Taiwan
515289,1920-08-01,26.753,0.376,Taiwan
515290,1920-09-01,26.004,0.343,Taiwan
515291,1920-10-01,23.081,0.325,Taiwan
515292,1920-11-01,21.543000000000003,0.387,Taiwan
515293,1920-12-01,18.917,0.638,Taiwan
515294,1921-01-01,16.801,0.392,Taiwan
515295,1921-02-01,15.595,0.463,Taiwan
515296,1921-03-01,17.979,0.29,Taiwan
515297,1921-04-01,21.553,0.337,Taiwan
515298,1921-05-01,23.587,0.362,Taiwan
515299,1921-06-01,25.717,0.324,Taiwan
515300,1921-07-01,26.832,0.369,Taiwan
515301,1921-08-01,26.778,0.163,Taiwan
515302,1921-09-01,24.71,0.21,Taiwan
515303,1921-10-01,22.351,0.268,Taiwan
515304,1921-11-01,20.092,0.289,Taiwan
515305,1921-12-01,17.923,0.35,Taiwan
515306,1922-01-01,16.759,0.321,Taiwan
515307,1922-02-01,17.426,0.313,Taiwan
515308,1922-03-01,18.27,0.342,Taiwan
515309,1922-04-01,20.935,0.347,Taiwan
515310,1922-05-01,24.504,0.364,Taiwan
515311,1922-06-01,25.85,0.25,Taiwan
515312,1922-07-01,27.101,0.312,Taiwan
515313,1922-08-01,26.519,0.32,Taiwan
515314,1922-09-01,25.389,0.316,Taiwan
515315,1922-10-01,23.083,0.364,Taiwan
515316,1922-11-01,19.713,0.397,Taiwan
515317,1922-12-01,17.163,0.204,Taiwan
515318,1923-01-01,15.973999999999998,0.257,Taiwan
515319,1923-02-01,15.300999999999998,0.307,Taiwan
515320,1923-03-01,18.474,0.296,Taiwan
515321,1923-04-01,20.965,0.3670000000000001,Taiwan
515322,1923-05-01,23.721,0.253,Taiwan
515323,1923-06-01,25.406,0.277,Taiwan
515324,1923-07-01,26.841,0.209,Taiwan
515325,1923-08-01,26.418000000000003,0.321,Taiwan
515326,1923-09-01,25.107,0.25,Taiwan
515327,1923-10-01,22.711,0.291,Taiwan
515328,1923-11-01,21.044,0.49,Taiwan
515329,1923-12-01,17.745,0.4370000000000001,Taiwan
515330,1924-01-01,17.11,0.296,Taiwan
515331,1924-02-01,16.296,0.493,Taiwan
515332,1924-03-01,17.305,0.309,Taiwan
515333,1924-04-01,20.939,0.341,Taiwan
515334,1924-05-01,24.877,0.404,Taiwan
515335,1924-06-01,25.066,0.37,Taiwan
515336,1924-07-01,26.678,0.142,Taiwan
515337,1924-08-01,26.5,0.385,Taiwan
515338,1924-09-01,25.677,0.185,Taiwan
515339,1924-10-01,23.848000000000003,0.197,Taiwan
515340,1924-11-01,19.584,0.317,Taiwan
515341,1924-12-01,16.559,0.346,Taiwan
515342,1925-01-01,15.757,0.521,Taiwan
515343,1925-02-01,14.644999999999998,0.47,Taiwan
515344,1925-03-01,17.883,0.473,Taiwan
515345,1925-04-01,18.538,0.314,Taiwan
515346,1925-05-01,24.045,0.333,Taiwan
515347,1925-06-01,25.988000000000003,0.407,Taiwan
515348,1925-07-01,26.701,0.301,Taiwan
515349,1925-08-01,27.079,0.212,Taiwan
515350,1925-09-01,25.457,0.175,Taiwan
515351,1925-10-01,22.237,0.327,Taiwan
515352,1925-11-01,20.994,0.359,Taiwan
515353,1925-12-01,16.589000000000002,0.546,Taiwan
515354,1926-01-01,15.912,0.377,Taiwan
515355,1926-02-01,16.477999999999998,0.256,Taiwan
515356,1926-03-01,17.755,0.296,Taiwan
515357,1926-04-01,19.642000000000003,0.417,Taiwan
515358,1926-05-01,23.502,0.342,Taiwan
515359,1926-06-01,24.448,0.251,Taiwan
515360,1926-07-01,27.265,0.178,Taiwan
515361,1926-08-01,27.186,0.287,Taiwan
515362,1926-09-01,26.349,0.297,Taiwan
515363,1926-10-01,22.828000000000003,0.344,Taiwan
515364,1926-11-01,20.732,0.224,Taiwan
515365,1926-12-01,17.108,0.36,Taiwan
515366,1927-01-01,15.95,0.328,Taiwan
515367,1927-02-01,15.679999999999998,0.21,Taiwan
515368,1927-03-01,16.927999999999994,0.233,Taiwan
515369,1927-04-01,19.552,0.25,Taiwan
515370,1927-05-01,23.118,0.352,Taiwan
515371,1927-06-01,25.522,0.279,Taiwan
515372,1927-07-01,26.591,0.289,Taiwan
515373,1927-08-01,27.08,0.235,Taiwan
515374,1927-09-01,25.084,0.268,Taiwan
515375,1927-10-01,23.004,0.224,Taiwan
515376,1927-11-01,20.721,0.522,Taiwan
515377,1927-12-01,18.205,0.429,Taiwan
515378,1928-01-01,17.134,0.189,Taiwan
515379,1928-02-01,16.019000000000002,0.49,Taiwan
515380,1928-03-01,18.326,0.259,Taiwan
515381,1928-04-01,20.494,0.301,Taiwan
515382,1928-05-01,23.884,0.327,Taiwan
515383,1928-06-01,24.945,0.217,Taiwan
515384,1928-07-01,27.678,0.363,Taiwan
515385,1928-08-01,26.403,0.338,Taiwan
515386,1928-09-01,25.788,0.202,Taiwan
515387,1928-10-01,22.522,0.264,Taiwan
515388,1928-11-01,20.902,0.195,Taiwan
515389,1928-12-01,18.471,0.375,Taiwan
515390,1929-01-01,16.653,0.189,Taiwan
515391,1929-02-01,16.052,0.414,Taiwan
515392,1929-03-01,17.686,0.388,Taiwan
515393,1929-04-01,20.382,0.325,Taiwan
515394,1929-05-01,24.066,0.474,Taiwan
515395,1929-06-01,26.274,0.219,Taiwan
515396,1929-07-01,26.548,0.1689999999999999,Taiwan
515397,1929-08-01,26.321,0.29,Taiwan
515398,1929-09-01,25.696,0.328,Taiwan
515399,1929-10-01,23.056,0.226,Taiwan
515400,1929-11-01,19.67,0.229,Taiwan
515401,1929-12-01,18.904,0.196,Taiwan
515402,1930-01-01,15.419,0.524,Taiwan
515403,1930-02-01,16.54,0.419,Taiwan
515404,1930-03-01,18.291,0.481,Taiwan
515405,1930-04-01,22.458,0.228,Taiwan
515406,1930-05-01,24.727,0.187,Taiwan
515407,1930-06-01,25.991,0.262,Taiwan
515408,1930-07-01,26.673,0.237,Taiwan
515409,1930-08-01,26.789,0.278,Taiwan
515410,1930-09-01,26.097,0.211,Taiwan
515411,1930-10-01,23.542,0.197,Taiwan
515412,1930-11-01,20.567,0.288,Taiwan
515413,1930-12-01,18.303,0.222,Taiwan
515414,1931-01-01,16.884999999999998,0.315,Taiwan
515415,1931-02-01,17.220999999999997,0.349,Taiwan
515416,1931-03-01,18.383,0.282,Taiwan
515417,1931-04-01,21.124,0.309,Taiwan
515418,1931-05-01,23.957,0.168,Taiwan
515419,1931-06-01,25.786,0.186,Taiwan
515420,1931-07-01,27.36,0.336,Taiwan
515421,1931-08-01,27.018,0.3229999999999999,Taiwan
515422,1931-09-01,26.212,0.187,Taiwan
515423,1931-10-01,22.654,0.125,Taiwan
515424,1931-11-01,21.399,0.142,Taiwan
515425,1931-12-01,17.808,0.242,Taiwan
515426,1932-01-01,15.856,0.545,Taiwan
515427,1932-02-01,14.553,0.32,Taiwan
515428,1932-03-01,16.791999999999998,0.225,Taiwan
515429,1932-04-01,20.861,0.202,Taiwan
515430,1932-05-01,25.237,0.368,Taiwan
515431,1932-06-01,25.904,0.181,Taiwan
515432,1932-07-01,27.159,0.207,Taiwan
515433,1932-08-01,26.668000000000003,0.206,Taiwan
515434,1932-09-01,25.451,0.263,Taiwan
515435,1932-10-01,22.935,0.183,Taiwan
515436,1932-11-01,20.742,0.168,Taiwan
515437,1932-12-01,17.227999999999998,0.312,Taiwan
515438,1933-01-01,15.276,0.445,Taiwan
515439,1933-02-01,16.601999999999997,0.4970000000000001,Taiwan
515440,1933-03-01,17.258999999999997,0.391,Taiwan
515441,1933-04-01,21.707,0.173,Taiwan
515442,1933-05-01,24.427,0.272,Taiwan
515443,1933-06-01,26.111,0.128,Taiwan
515444,1933-07-01,27.002,0.202,Taiwan
515445,1933-08-01,27.641,0.267,Taiwan
515446,1933-09-01,26.497,0.126,Taiwan
515447,1933-10-01,23.422,0.259,Taiwan
515448,1933-11-01,20.256,0.275,Taiwan
515449,1933-12-01,17.425,0.5529999999999999,Taiwan
515450,1934-01-01,14.155,0.4370000000000001,Taiwan
515451,1934-02-01,15.582999999999998,0.5,Taiwan
515452,1934-03-01,17.168999999999997,0.364,Taiwan
515453,1934-04-01,19.89,0.278,Taiwan
515454,1934-05-01,23.468000000000004,0.311,Taiwan
515455,1934-06-01,26.109,0.171,Taiwan
515456,1934-07-01,26.781,0.157,Taiwan
515457,1934-08-01,27.281,0.224,Taiwan
515458,1934-09-01,26.296,0.252,Taiwan
515459,1934-10-01,22.972,0.248,Taiwan
515460,1934-11-01,20.709,0.146,Taiwan
515461,1934-12-01,18.441,0.259,Taiwan
515462,1935-01-01,15.887,0.349,Taiwan
515463,1935-02-01,16.875999999999998,0.265,Taiwan
515464,1935-03-01,19.092,0.335,Taiwan
515465,1935-04-01,21.06600000000001,0.199,Taiwan
515466,1935-05-01,24.011,0.322,Taiwan
515467,1935-06-01,25.691,0.18,Taiwan
515468,1935-07-01,26.89,0.16,Taiwan
515469,1935-08-01,26.209,0.384,Taiwan
515470,1935-09-01,24.901,0.354,Taiwan
515471,1935-10-01,24.34,0.176,Taiwan
515472,1935-11-01,21.749,0.276,Taiwan
515473,1935-12-01,17.695999999999998,0.197,Taiwan
515474,1936-01-01,15.415,0.275,Taiwan
515475,1936-02-01,15.992,0.343,Taiwan
515476,1936-03-01,15.846999999999998,0.409,Taiwan
515477,1936-04-01,21.072000000000006,0.211,Taiwan
515478,1936-05-01,23.991,0.358,Taiwan
515479,1936-06-01,26.343000000000004,0.1689999999999999,Taiwan
515480,1936-07-01,27.476,0.201,Taiwan
515481,1936-08-01,26.973000000000003,0.279,Taiwan
515482,1936-09-01,25.699,0.263,Taiwan
515483,1936-10-01,22.758000000000003,0.175,Taiwan
515484,1936-11-01,20.726,0.19,Taiwan
515485,1936-12-01,18.844,0.263,Taiwan
515486,1937-01-01,17.177999999999994,0.195,Taiwan
515487,1937-02-01,16.537,0.335,Taiwan
515488,1937-03-01,18.719,0.329,Taiwan
515489,1937-04-01,21.53700000000001,0.184,Taiwan
515490,1937-05-01,24.563,0.22,Taiwan
515491,1937-06-01,25.804,0.179,Taiwan
515492,1937-07-01,27.3,0.306,Taiwan
515493,1937-08-01,26.334,0.224,Taiwan
515494,1937-09-01,26.673,0.19,Taiwan
515495,1937-10-01,23.824,0.226,Taiwan
515496,1937-11-01,21.825,0.177,Taiwan
515497,1937-12-01,18.035,0.41,Taiwan
515498,1938-01-01,16.732,0.189,Taiwan
515499,1938-02-01,15.938999999999998,0.214,Taiwan
515500,1938-03-01,18.002,0.249,Taiwan
515501,1938-04-01,21.141,0.328,Taiwan
515502,1938-05-01,24.686,0.213,Taiwan
515503,1938-06-01,27.664,0.208,Taiwan
515504,1938-07-01,27.186,0.235,Taiwan
515505,1938-08-01,26.384,0.256,Taiwan
515506,1938-09-01,26.314,0.26,Taiwan
515507,1938-10-01,24.158,0.177,Taiwan
515508,1938-11-01,20.244,0.254,Taiwan
515509,1938-12-01,18.48,0.166,Taiwan
515510,1939-01-01,16.334,0.162,Taiwan
515511,1939-02-01,16.5,0.392,Taiwan
515512,1939-03-01,18.479,0.33,Taiwan
515513,1939-04-01,19.706000000000003,0.241,Taiwan
515514,1939-05-01,23.28,0.232,Taiwan
515515,1939-06-01,25.509,0.194,Taiwan
515516,1939-07-01,26.047,0.242,Taiwan
515517,1939-08-01,26.732,0.149,Taiwan
515518,1939-09-01,25.57,0.133,Taiwan
515519,1939-10-01,23.653,0.16,Taiwan
515520,1939-11-01,21.507,0.174,Taiwan
515521,1939-12-01,16.839000000000002,0.22,Taiwan
515522,1940-01-01,15.957,0.17,Taiwan
515523,1940-02-01,16.616999999999994,0.17,Taiwan
515524,1940-03-01,17.412999999999997,0.217,Taiwan
515525,1940-04-01,19.902,0.158,Taiwan
515526,1940-05-01,23.004,0.155,Taiwan
515527,1940-06-01,25.524,0.15,Taiwan
515528,1940-07-01,26.798,0.186,Taiwan
515529,1940-08-01,26.59,0.182,Taiwan
515530,1940-09-01,25.867,0.214,Taiwan
515531,1940-10-01,24.104,0.212,Taiwan
515532,1940-11-01,21.548,0.142,Taiwan
515533,1940-12-01,18.507,0.28,Taiwan
515534,1941-01-01,17.625,0.328,Taiwan
515535,1941-02-01,17.485,0.314,Taiwan
515536,1941-03-01,18.636,0.139,Taiwan
515537,1941-04-01,20.629,0.287,Taiwan
515538,1941-05-01,24.38,0.211,Taiwan
515539,1941-06-01,26.106,0.179,Taiwan
515540,1941-07-01,27.353,0.21,Taiwan
515541,1941-08-01,27.746,0.197,Taiwan
515542,1941-09-01,26.0,0.187,Taiwan
515543,1941-10-01,23.956,0.212,Taiwan
515544,1941-11-01,21.719,0.181,Taiwan
515545,1941-12-01,19.162,0.219,Taiwan
515546,1942-01-01,16.13,0.189,Taiwan
515547,1942-02-01,17.394000000000002,0.189,Taiwan
515548,1942-03-01,20.499,0.265,Taiwan
515549,1942-04-01,21.66,0.274,Taiwan
515550,1942-05-01,24.138,0.27,Taiwan
515551,1942-06-01,26.517,0.126,Taiwan
515552,1942-07-01,26.93,0.263,Taiwan
515553,1942-08-01,27.13,0.1669999999999999,Taiwan
515554,1942-09-01,25.722,0.129,Taiwan
515555,1942-10-01,24.012,0.1,Taiwan
515556,1942-11-01,21.147,0.193,Taiwan
515557,1942-12-01,17.230999999999998,0.31,Taiwan
515558,1943-01-01,15.425,0.273,Taiwan
515559,1943-02-01,15.936999999999998,0.221,Taiwan
515560,1943-03-01,19.133,0.233,Taiwan
515561,1943-04-01,20.409,0.201,Taiwan
515562,1943-05-01,24.334,0.177,Taiwan
515563,1943-06-01,25.505,0.233,Taiwan
515564,1943-07-01,26.36,0.212,Taiwan
515565,1943-08-01,26.227,0.161,Taiwan
515566,1943-09-01,26.466,0.202,Taiwan
515567,1943-10-01,23.455,0.292,Taiwan
515568,1943-11-01,21.398000000000003,0.291,Taiwan
515569,1943-12-01,18.328,0.299,Taiwan
515570,1944-01-01,17.555,0.343,Taiwan
515571,1944-02-01,16.116,0.375,Taiwan
515572,1944-03-01,17.104999999999997,0.29,Taiwan
515573,1944-04-01,20.954,0.172,Taiwan
515574,1944-05-01,24.137,0.248,Taiwan
515575,1944-06-01,25.339,0.215,Taiwan
515576,1944-07-01,27.049,0.278,Taiwan
515577,1944-08-01,26.681,0.224,Taiwan
515578,1944-09-01,26.566,0.189,Taiwan
515579,1944-10-01,24.273000000000003,0.174,Taiwan
515580,1944-11-01,22.353,0.186,Taiwan
515581,1944-12-01,16.332,0.244,Taiwan
515582,1945-01-01,15.59,0.286,Taiwan
515583,1945-02-01,14.749999999999998,0.581,Taiwan
515584,1945-03-01,18.048,0.406,Taiwan
515585,1945-04-01,20.914,0.259,Taiwan
515586,1945-05-01,22.586,0.224,Taiwan
515587,1945-06-01,25.997,0.1669999999999999,Taiwan
515588,1945-07-01,27.487,0.153,Taiwan
515589,1945-08-01,26.661,0.165,Taiwan
515590,1945-09-01,26.202,0.189,Taiwan
515591,1945-10-01,22.09,0.408,Taiwan
515592,1945-11-01,22.029,0.5770000000000001,Taiwan
515593,1945-12-01,17.898,0.33,Taiwan
515594,1946-01-01,17.631,0.445,Taiwan
515595,1946-02-01,17.339000000000002,0.501,Taiwan
515596,1946-03-01,19.798,0.327,Taiwan
515597,1946-04-01,22.108,0.318,Taiwan
515598,1946-05-01,24.623,0.264,Taiwan
515599,1946-06-01,26.155,0.191,Taiwan
515600,1946-07-01,26.891,0.163,Taiwan
515601,1946-08-01,27.236,0.171,Taiwan
515602,1946-09-01,26.949,0.152,Taiwan
515603,1946-10-01,22.986,0.139,Taiwan
515604,1946-11-01,21.425,0.305,Taiwan
515605,1946-12-01,17.997,0.19,Taiwan
515606,1947-01-01,17.563,0.194,Taiwan
515607,1947-02-01,15.06,0.258,Taiwan
515608,1947-03-01,17.589000000000002,0.349,Taiwan
515609,1947-04-01,20.401000000000003,0.318,Taiwan
515610,1947-05-01,23.848000000000003,0.194,Taiwan
515611,1947-06-01,24.853,0.284,Taiwan
515612,1947-07-01,26.929,0.151,Taiwan
515613,1947-08-01,26.994,0.216,Taiwan
515614,1947-09-01,26.475,0.202,Taiwan
515615,1947-10-01,22.575,0.159,Taiwan
515616,1947-11-01,21.161,0.232,Taiwan
515617,1947-12-01,17.951999999999995,0.132,Taiwan
515618,1948-01-01,15.546,0.275,Taiwan
515619,1948-02-01,17.555999999999994,0.113,Taiwan
515620,1948-03-01,18.865,0.114,Taiwan
515621,1948-04-01,21.118,0.232,Taiwan
515622,1948-05-01,24.512,0.199,Taiwan
515623,1948-06-01,25.963,0.232,Taiwan
515624,1948-07-01,26.963,0.202,Taiwan
515625,1948-08-01,27.286,0.197,Taiwan
515626,1948-09-01,26.093000000000004,0.139,Taiwan
515627,1948-10-01,23.751,0.286,Taiwan
515628,1948-11-01,20.151,0.214,Taiwan
515629,1948-12-01,20.151,0.338,Taiwan
515630,1949-01-01,15.204999999999998,0.265,Taiwan
515631,1949-02-01,17.355999999999998,0.1369999999999999,Taiwan
515632,1949-03-01,18.913,0.146,Taiwan
515633,1949-04-01,20.85,0.254,Taiwan
515634,1949-05-01,25.172,0.1369999999999999,Taiwan
515635,1949-06-01,25.981,0.175,Taiwan
515636,1949-07-01,27.408,0.174,Taiwan
515637,1949-08-01,26.709,0.166,Taiwan
515638,1949-09-01,26.509,0.148,Taiwan
515639,1949-10-01,23.559,0.133,Taiwan
515640,1949-11-01,21.454,0.14,Taiwan
515641,1949-12-01,19.263,0.312,Taiwan
515642,1950-01-01,17.947,0.264,Taiwan
515643,1950-02-01,16.151999999999994,0.168,Taiwan
515644,1950-03-01,18.997,0.238,Taiwan
515645,1950-04-01,20.588,0.227,Taiwan
515646,1950-05-01,23.827,0.17,Taiwan
515647,1950-06-01,24.937,0.2,Taiwan
515648,1950-07-01,27.219,0.142,Taiwan
515649,1950-08-01,26.713,0.197,Taiwan
515650,1950-09-01,26.613000000000003,0.141,Taiwan
515651,1950-10-01,24.209,0.206,Taiwan
515652,1950-11-01,20.906,0.319,Taiwan
515653,1950-12-01,16.345,0.156,Taiwan
515654,1951-01-01,16.544,0.328,Taiwan
515655,1951-02-01,16.959,0.185,Taiwan
515656,1951-03-01,17.441,0.302,Taiwan
515657,1951-04-01,21.022,0.28,Taiwan
515658,1951-05-01,23.218000000000004,0.233,Taiwan
515659,1951-06-01,25.369,0.44,Taiwan
515660,1951-07-01,27.025,0.257,Taiwan
515661,1951-08-01,27.18,0.133,Taiwan
515662,1951-09-01,26.584,0.415,Taiwan
515663,1951-10-01,24.226,0.196,Taiwan
515664,1951-11-01,21.468000000000004,0.348,Taiwan
515665,1951-12-01,18.844,0.177,Taiwan
515666,1952-01-01,16.546,0.1669999999999999,Taiwan
515667,1952-02-01,17.235999999999994,0.182,Taiwan
515668,1952-03-01,19.27,0.399,Taiwan
515669,1952-04-01,21.524,0.136,Taiwan
515670,1952-05-01,25.726,0.149,Taiwan
515671,1952-06-01,26.784,0.1639999999999999,Taiwan
515672,1952-07-01,27.05,0.19,Taiwan
515673,1952-08-01,27.245,0.1689999999999999,Taiwan
515674,1952-09-01,26.188,0.17,Taiwan
515675,1952-10-01,23.861,0.15,Taiwan
515676,1952-11-01,22.241,0.195,Taiwan
515677,1952-12-01,17.288,0.209,Taiwan
515678,1953-01-01,16.3,0.176,Taiwan
515679,1953-02-01,17.275,0.233,Taiwan
515680,1953-03-01,18.648,0.231,Taiwan
515681,1953-04-01,19.213,0.34,Taiwan
515682,1953-05-01,23.291,0.237,Taiwan
515683,1953-06-01,26.61,0.202,Taiwan
515684,1953-07-01,27.77,0.1,Taiwan
515685,1953-08-01,27.881,0.153,Taiwan
515686,1953-09-01,26.181,0.105,Taiwan
515687,1953-10-01,24.554,0.191,Taiwan
515688,1953-11-01,22.172,0.1689999999999999,Taiwan
515689,1953-12-01,19.384,0.181,Taiwan
515690,1954-01-01,18.298,0.183,Taiwan
515691,1954-02-01,17.232999999999997,0.21,Taiwan
515692,1954-03-01,16.988,0.532,Taiwan
515693,1954-04-01,21.806,0.142,Taiwan
515694,1954-05-01,25.769,0.191,Taiwan
515695,1954-06-01,26.864,0.318,Taiwan
515696,1954-07-01,27.923,0.222,Taiwan
515697,1954-08-01,27.494,0.204,Taiwan
515698,1954-09-01,26.361,0.194,Taiwan
515699,1954-10-01,23.467,0.127,Taiwan
515700,1954-11-01,21.581,0.195,Taiwan
515701,1954-12-01,17.590999999999998,0.179,Taiwan
515702,1955-01-01,15.243,0.116,Taiwan
515703,1955-02-01,17.555,0.143,Taiwan
515704,1955-03-01,19.822,0.233,Taiwan
515705,1955-04-01,21.172,0.159,Taiwan
515706,1955-05-01,24.385,0.232,Taiwan
515707,1955-06-01,25.753,0.178,Taiwan
515708,1955-07-01,26.906,0.256,Taiwan
515709,1955-08-01,26.264,0.32,Taiwan
515710,1955-09-01,26.556,0.246,Taiwan
515711,1955-10-01,22.768,0.24,Taiwan
515712,1955-11-01,19.932,0.253,Taiwan
515713,1955-12-01,17.858,0.303,Taiwan
515714,1956-01-01,15.159999999999998,0.186,Taiwan
515715,1956-02-01,16.157,0.207,Taiwan
515716,1956-03-01,18.834,0.199,Taiwan
515717,1956-04-01,21.906,0.278,Taiwan
515718,1956-05-01,24.57,0.33,Taiwan
515719,1956-06-01,27.071,0.24,Taiwan
515720,1956-07-01,28.036,0.319,Taiwan
515721,1956-08-01,27.491,0.187,Taiwan
515722,1956-09-01,25.73,0.191,Taiwan
515723,1956-10-01,23.456,0.13,Taiwan
515724,1956-11-01,19.969,0.396,Taiwan
515725,1956-12-01,17.526,0.243,Taiwan
515726,1957-01-01,17.149,0.163,Taiwan
515727,1957-02-01,14.813,0.452,Taiwan
515728,1957-03-01,17.448999999999998,0.388,Taiwan
515729,1957-04-01,21.81900000000001,0.358,Taiwan
515730,1957-05-01,24.145,0.264,Taiwan
515731,1957-06-01,25.702,0.439,Taiwan
515732,1957-07-01,27.836,0.399,Taiwan
515733,1957-08-01,27.663,0.6859999999999999,Taiwan
515734,1957-09-01,25.604,0.535,Taiwan
515735,1957-10-01,22.796,0.431,Taiwan
515736,1957-11-01,21.236,0.321,Taiwan
515737,1957-12-01,18.934,0.217,Taiwan
515738,1958-01-01,16.201999999999998,0.324,Taiwan
515739,1958-02-01,15.483999999999998,0.362,Taiwan
515740,1958-03-01,19.432,0.161,Taiwan
515741,1958-04-01,22.703000000000007,0.205,Taiwan
515742,1958-05-01,24.612,0.341,Taiwan
515743,1958-06-01,25.68,0.383,Taiwan
515744,1958-07-01,26.997,0.343,Taiwan
515745,1958-08-01,27.003,0.353,Taiwan
515746,1958-09-01,26.244,0.205,Taiwan
515747,1958-10-01,23.417,0.208,Taiwan
515748,1958-11-01,20.481,0.198,Taiwan
515749,1958-12-01,18.49,0.274,Taiwan
515750,1959-01-01,15.385,0.392,Taiwan
515751,1959-02-01,18.522,0.282,Taiwan
515752,1959-03-01,19.142,0.273,Taiwan
515753,1959-04-01,21.671000000000006,0.317,Taiwan
515754,1959-05-01,24.424,0.141,Taiwan
515755,1959-06-01,26.359,0.228,Taiwan
515756,1959-07-01,27.327,0.306,Taiwan
515757,1959-08-01,27.223000000000003,0.275,Taiwan
515758,1959-09-01,26.195,0.352,Taiwan
515759,1959-10-01,23.285,0.25,Taiwan
515760,1959-11-01,21.572,0.183,Taiwan
515761,1959-12-01,19.435,0.217,Taiwan
515762,1960-01-01,16.765,0.216,Taiwan
515763,1960-02-01,17.192999999999998,0.243,Taiwan
515764,1960-03-01,21.061,0.193,Taiwan
515765,1960-04-01,20.892000000000003,0.16,Taiwan
515766,1960-05-01,23.885,0.286,Taiwan
515767,1960-06-01,26.186,0.285,Taiwan
515768,1960-07-01,27.959,0.187,Taiwan
515769,1960-08-01,26.568,0.32,Taiwan
515770,1960-09-01,26.559,0.198,Taiwan
515771,1960-10-01,23.727,0.166,Taiwan
515772,1960-11-01,21.822,0.182,Taiwan
515773,1960-12-01,17.355,0.172,Taiwan
515774,1961-01-01,15.608,0.329,Taiwan
515775,1961-02-01,16.238999999999994,0.212,Taiwan
515776,1961-03-01,18.696,0.261,Taiwan
515777,1961-04-01,21.553,0.336,Taiwan
515778,1961-05-01,24.417,0.23,Taiwan
515779,1961-06-01,27.37,0.288,Taiwan
515780,1961-07-01,27.218000000000004,0.187,Taiwan
515781,1961-08-01,27.18,0.173,Taiwan
515782,1961-09-01,26.42,0.14,Taiwan
515783,1961-10-01,23.952,0.312,Taiwan
515784,1961-11-01,22.23,0.208,Taiwan
515785,1961-12-01,18.751,0.142,Taiwan
515786,1962-01-01,14.134999999999998,0.202,Taiwan
515787,1962-02-01,16.746,0.242,Taiwan
515788,1962-03-01,18.014,0.235,Taiwan
515789,1962-04-01,20.283,0.285,Taiwan
515790,1962-05-01,24.622,0.207,Taiwan
515791,1962-06-01,26.483,0.5429999999999999,Taiwan
515792,1962-07-01,27.735,0.221,Taiwan
515793,1962-08-01,27.558000000000003,0.22,Taiwan
515794,1962-09-01,26.532,0.335,Taiwan
515795,1962-10-01,23.576,0.342,Taiwan
515796,1962-11-01,20.776,0.1669999999999999,Taiwan
515797,1962-12-01,17.55,0.308,Taiwan
515798,1963-01-01,13.065,0.331,Taiwan
515799,1963-02-01,14.804999999999998,0.227,Taiwan
515800,1963-03-01,18.311,0.155,Taiwan
515801,1963-04-01,21.591,0.222,Taiwan
515802,1963-05-01,26.056,0.358,Taiwan
515803,1963-06-01,25.885,0.277,Taiwan
515804,1963-07-01,26.815,0.35,Taiwan
515805,1963-08-01,27.878,0.278,Taiwan
515806,1963-09-01,27.052,0.324,Taiwan
515807,1963-10-01,23.075,0.177,Taiwan
515808,1963-11-01,21.946,0.288,Taiwan
515809,1963-12-01,17.921,0.215,Taiwan
515810,1964-01-01,16.837,0.184,Taiwan
515811,1964-02-01,15.775999999999998,0.204,Taiwan
515812,1964-03-01,17.9,0.13,Taiwan
515813,1964-04-01,23.525,0.29,Taiwan
515814,1964-05-01,24.402,0.258,Taiwan
515815,1964-06-01,25.693,0.303,Taiwan
515816,1964-07-01,27.96,0.267,Taiwan
515817,1964-08-01,27.283,0.306,Taiwan
515818,1964-09-01,26.787,0.163,Taiwan
515819,1964-10-01,24.707,0.256,Taiwan
515820,1964-11-01,20.507,0.146,Taiwan
515821,1964-12-01,17.407,0.241,Taiwan
515822,1965-01-01,16.34,0.186,Taiwan
515823,1965-02-01,17.950999999999997,0.239,Taiwan
515824,1965-03-01,17.962,0.303,Taiwan
515825,1965-04-01,21.228,0.199,Taiwan
515826,1965-05-01,23.719,0.316,Taiwan
515827,1965-06-01,25.586,0.498,Taiwan
515828,1965-07-01,27.105,0.301,Taiwan
515829,1965-08-01,27.041,0.215,Taiwan
515830,1965-09-01,25.646,0.253,Taiwan
515831,1965-10-01,23.571,0.146,Taiwan
515832,1965-11-01,22.385,0.283,Taiwan
515833,1965-12-01,18.435,0.301,Taiwan
515834,1966-01-01,17.691,0.217,Taiwan
515835,1966-02-01,18.533,0.159,Taiwan
515836,1966-03-01,20.559,0.343,Taiwan
515837,1966-04-01,22.34800000000001,0.211,Taiwan
515838,1966-05-01,23.728,0.214,Taiwan
515839,1966-06-01,25.383000000000003,0.22,Taiwan
515840,1966-07-01,27.292,0.318,Taiwan
515841,1966-08-01,27.416,0.377,Taiwan
515842,1966-09-01,24.967,0.478,Taiwan
515843,1966-10-01,23.803,0.256,Taiwan
515844,1966-11-01,22.036,0.2,Taiwan
515845,1966-12-01,18.866,0.165,Taiwan
515846,1967-01-01,15.437,0.129,Taiwan
515847,1967-02-01,15.621999999999998,0.27,Taiwan
515848,1967-03-01,18.855,0.222,Taiwan
515849,1967-04-01,21.659,0.29,Taiwan
515850,1967-05-01,25.175,0.235,Taiwan
515851,1967-06-01,26.21,0.159,Taiwan
515852,1967-07-01,27.886,0.392,Taiwan
515853,1967-08-01,27.664,0.246,Taiwan
515854,1967-09-01,25.631,0.317,Taiwan
515855,1967-10-01,22.897,0.171,Taiwan
515856,1967-11-01,21.81,0.217,Taiwan
515857,1967-12-01,15.132,0.183,Taiwan
515858,1968-01-01,15.707999999999998,0.145,Taiwan
515859,1968-02-01,13.203999999999995,0.236,Taiwan
515860,1968-03-01,17.843999999999994,0.161,Taiwan
515861,1968-04-01,20.361,0.236,Taiwan
515862,1968-05-01,24.002,0.172,Taiwan
515863,1968-06-01,25.189,0.316,Taiwan
515864,1968-07-01,27.394,0.214,Taiwan
515865,1968-08-01,27.355,0.196,Taiwan
515866,1968-09-01,25.949,0.159,Taiwan
515867,1968-10-01,22.774,0.171,Taiwan
515868,1968-11-01,21.089,0.273,Taiwan
515869,1968-12-01,19.831,0.312,Taiwan
515870,1969-01-01,17.697,0.258,Taiwan
515871,1969-02-01,16.037,0.1689999999999999,Taiwan
515872,1969-03-01,17.945999999999994,0.257,Taiwan
515873,1969-04-01,21.581000000000003,0.216,Taiwan
515874,1969-05-01,24.987,0.216,Taiwan
515875,1969-06-01,25.08,0.282,Taiwan
515876,1969-07-01,27.942,0.278,Taiwan
515877,1969-08-01,27.18,0.291,Taiwan
515878,1969-09-01,26.527,0.202,Taiwan
515879,1969-10-01,22.797,0.191,Taiwan
515880,1969-11-01,20.18,0.197,Taiwan
515881,1969-12-01,17.14,0.208,Taiwan
515882,1970-01-01,15.188,0.218,Taiwan
515883,1970-02-01,17.113999999999994,0.173,Taiwan
515884,1970-03-01,16.662,0.508,Taiwan
515885,1970-04-01,20.356,0.352,Taiwan
515886,1970-05-01,24.46,0.183,Taiwan
515887,1970-06-01,26.268,0.293,Taiwan
515888,1970-07-01,27.61,0.207,Taiwan
515889,1970-08-01,27.297,0.261,Taiwan
515890,1970-09-01,26.671,0.198,Taiwan
515891,1970-10-01,24.223000000000003,0.299,Taiwan
515892,1970-11-01,21.229,0.163,Taiwan
515893,1970-12-01,18.84,0.189,Taiwan
515894,1971-01-01,14.573,0.191,Taiwan
515895,1971-02-01,16.069999999999997,0.319,Taiwan
515896,1971-03-01,17.866,0.176,Taiwan
515897,1971-04-01,21.363000000000003,0.256,Taiwan
515898,1971-05-01,23.756,0.24,Taiwan
515899,1971-06-01,27.043000000000003,0.125,Taiwan
515900,1971-07-01,27.826,0.275,Taiwan
515901,1971-08-01,27.178,0.239,Taiwan
515902,1971-09-01,26.216,0.207,Taiwan
515903,1971-10-01,22.996,0.241,Taiwan
515904,1971-11-01,20.471,0.256,Taiwan
515905,1971-12-01,18.012999999999995,0.234,Taiwan
515906,1972-01-01,16.77,0.215,Taiwan
515907,1972-02-01,15.797999999999998,0.293,Taiwan
515908,1972-03-01,17.825,0.215,Taiwan
515909,1972-04-01,20.474,0.285,Taiwan
515910,1972-05-01,24.275,0.136,Taiwan
515911,1972-06-01,26.313,0.227,Taiwan
515912,1972-07-01,26.943,0.303,Taiwan
515913,1972-08-01,26.262,0.295,Taiwan
515914,1972-09-01,25.943,0.217,Taiwan
515915,1972-10-01,24.18,0.342,Taiwan
515916,1972-11-01,21.948,0.157,Taiwan
515917,1972-12-01,18.343,0.192,Taiwan
515918,1973-01-01,16.689999999999998,0.329,Taiwan
515919,1973-02-01,19.116,0.284,Taiwan
515920,1973-03-01,19.545,0.25,Taiwan
515921,1973-04-01,22.609,0.203,Taiwan
515922,1973-05-01,24.592,0.329,Taiwan
515923,1973-06-01,25.86,0.094,Taiwan
515924,1973-07-01,26.86,0.243,Taiwan
515925,1973-08-01,26.803,0.29,Taiwan
515926,1973-09-01,26.66,0.282,Taiwan
515927,1973-10-01,23.911,0.276,Taiwan
515928,1973-11-01,20.829,0.092,Taiwan
515929,1973-12-01,16.346,0.268,Taiwan
515930,1974-01-01,16.505,0.286,Taiwan
515931,1974-02-01,15.089,0.258,Taiwan
515932,1974-03-01,17.959999999999994,0.217,Taiwan
515933,1974-04-01,21.605,0.168,Taiwan
515934,1974-05-01,24.775,0.226,Taiwan
515935,1974-06-01,25.688,0.207,Taiwan
515936,1974-07-01,27.489,0.22,Taiwan
515937,1974-08-01,26.652,0.263,Taiwan
515938,1974-09-01,25.795,0.199,Taiwan
515939,1974-10-01,24.267,0.174,Taiwan
515940,1974-11-01,21.577,0.388,Taiwan
515941,1974-12-01,19.215,0.19,Taiwan
515942,1975-01-01,16.464000000000002,0.181,Taiwan
515943,1975-02-01,17.419999999999998,0.311,Taiwan
515944,1975-03-01,18.406,0.158,Taiwan
515945,1975-04-01,22.69100000000001,0.144,Taiwan
515946,1975-05-01,24.144,0.231,Taiwan
515947,1975-06-01,25.928,0.256,Taiwan
515948,1975-07-01,27.619,0.375,Taiwan
515949,1975-08-01,26.967,0.42,Taiwan
515950,1975-09-01,26.929,0.275,Taiwan
515951,1975-10-01,24.868,0.226,Taiwan
515952,1975-11-01,20.757,0.166,Taiwan
515953,1975-12-01,16.259,0.271,Taiwan
515954,1976-01-01,15.658,0.177,Taiwan
515955,1976-02-01,17.823999999999995,0.249,Taiwan
515956,1976-03-01,18.012999999999995,0.222,Taiwan
515957,1976-04-01,21.036,0.193,Taiwan
515958,1976-05-01,24.074,0.402,Taiwan
515959,1976-06-01,25.783,0.26,Taiwan
515960,1976-07-01,26.713,0.33,Taiwan
515961,1976-08-01,27.178,0.158,Taiwan
515962,1976-09-01,25.57,0.226,Taiwan
515963,1976-10-01,23.759,0.261,Taiwan
515964,1976-11-01,19.455,0.187,Taiwan
515965,1976-12-01,18.104,0.136,Taiwan
515966,1977-01-01,15.902,0.095,Taiwan
515967,1977-02-01,15.073999999999998,0.194,Taiwan
515968,1977-03-01,19.589,0.267,Taiwan
515969,1977-04-01,23.018,0.209,Taiwan
515970,1977-05-01,25.253,0.263,Taiwan
515971,1977-06-01,26.127,0.219,Taiwan
515972,1977-07-01,27.461,0.201,Taiwan
515973,1977-08-01,27.249,0.251,Taiwan
515974,1977-09-01,26.447,0.176,Taiwan
515975,1977-10-01,24.246,0.144,Taiwan
515976,1977-11-01,20.34,0.155,Taiwan
515977,1977-12-01,19.63,0.223,Taiwan
515978,1978-01-01,15.982,0.271,Taiwan
515979,1978-02-01,16.383,0.25,Taiwan
515980,1978-03-01,18.628,0.189,Taiwan
515981,1978-04-01,21.57,0.31,Taiwan
515982,1978-05-01,23.851,0.191,Taiwan
515983,1978-06-01,26.614,0.248,Taiwan
515984,1978-07-01,28.043000000000003,0.231,Taiwan
515985,1978-08-01,27.056,0.211,Taiwan
515986,1978-09-01,26.537,0.079,Taiwan
515987,1978-10-01,23.361,0.171,Taiwan
515988,1978-11-01,20.76,0.253,Taiwan
515989,1978-12-01,18.352,0.341,Taiwan
515990,1979-01-01,17.808999999999994,0.329,Taiwan
515991,1979-02-01,18.216,0.152,Taiwan
515992,1979-03-01,18.883,0.179,Taiwan
515993,1979-04-01,21.586,0.302,Taiwan
515994,1979-05-01,22.995,0.266,Taiwan
515995,1979-06-01,25.441,0.15,Taiwan
515996,1979-07-01,28.109,0.123,Taiwan
515997,1979-08-01,27.201,0.241,Taiwan
515998,1979-09-01,26.342,0.132,Taiwan
515999,1979-10-01,22.902,0.205,Taiwan
516000,1979-11-01,20.2,0.131,Taiwan
516001,1979-12-01,18.606,0.24,Taiwan
516002,1980-01-01,16.249000000000002,0.217,Taiwan
516003,1980-02-01,15.952999999999998,0.196,Taiwan
516004,1980-03-01,19.851,0.089,Taiwan
516005,1980-04-01,21.135,0.246,Taiwan
516006,1980-05-01,24.094,0.21,Taiwan
516007,1980-06-01,27.579,0.216,Taiwan
516008,1980-07-01,28.151,0.205,Taiwan
516009,1980-08-01,27.593000000000004,0.289,Taiwan
516010,1980-09-01,26.077,0.124,Taiwan
516011,1980-10-01,24.076,0.126,Taiwan
516012,1980-11-01,21.801,0.154,Taiwan
516013,1980-12-01,17.253,0.117,Taiwan
516014,1981-01-01,15.998,0.236,Taiwan
516015,1981-02-01,17.229,0.313,Taiwan
516016,1981-03-01,19.906,0.302,Taiwan
516017,1981-04-01,22.719,0.276,Taiwan
516018,1981-05-01,23.267,0.152,Taiwan
516019,1981-06-01,25.341,0.328,Taiwan
516020,1981-07-01,27.018,0.249,Taiwan
516021,1981-08-01,27.947,0.196,Taiwan
516022,1981-09-01,25.778,0.176,Taiwan
516023,1981-10-01,23.762,0.156,Taiwan
516024,1981-11-01,20.564,0.136,Taiwan
516025,1981-12-01,16.843,0.243,Taiwan
516026,1982-01-01,16.131,0.228,Taiwan
516027,1982-02-01,16.764,0.1639999999999999,Taiwan
516028,1982-03-01,19.448,0.203,Taiwan
516029,1982-04-01,19.868,0.103,Taiwan
516030,1982-05-01,24.49,0.182,Taiwan
516031,1982-06-01,25.439,0.265,Taiwan
516032,1982-07-01,27.143,0.168,Taiwan
516033,1982-08-01,26.974,0.065,Taiwan
516034,1982-09-01,26.134,0.172,Taiwan
516035,1982-10-01,24.316,0.114,Taiwan
516036,1982-11-01,22.07,0.261,Taiwan
516037,1982-12-01,17.53,0.223,Taiwan
516038,1983-01-01,16.261,0.264,Taiwan
516039,1983-02-01,16.072,0.277,Taiwan
516040,1983-03-01,17.889999999999993,0.114,Taiwan
516041,1983-04-01,22.616,0.185,Taiwan
516042,1983-05-01,24.399,0.126,Taiwan
516043,1983-06-01,26.605,0.206,Taiwan
516044,1983-07-01,28.474,0.063,Taiwan
516045,1983-08-01,27.618,0.14,Taiwan
516046,1983-09-01,27.459,0.188,Taiwan
516047,1983-10-01,25.166,0.205,Taiwan
516048,1983-11-01,20.565,0.203,Taiwan
516049,1983-12-01,16.601,0.32,Taiwan
516050,1984-01-01,15.177,0.238,Taiwan
516051,1984-02-01,15.454,0.2,Taiwan
516052,1984-03-01,18.029,0.215,Taiwan
516053,1984-04-01,20.732000000000006,0.152,Taiwan
516054,1984-05-01,23.227,0.158,Taiwan
516055,1984-06-01,26.733,0.107,Taiwan
516056,1984-07-01,27.479,0.237,Taiwan
516057,1984-08-01,26.884,0.223,Taiwan
516058,1984-09-01,26.356,0.254,Taiwan
516059,1984-10-01,23.909,0.173,Taiwan
516060,1984-11-01,21.974,0.185,Taiwan
516061,1984-12-01,17.573,0.227,Taiwan
516062,1985-01-01,16.07,0.178,Taiwan
516063,1985-02-01,17.139,0.135,Taiwan
516064,1985-03-01,17.567999999999998,0.275,Taiwan
516065,1985-04-01,20.634,0.31,Taiwan
516066,1985-05-01,25.06,0.156,Taiwan
516067,1985-06-01,25.427,0.343,Taiwan
516068,1985-07-01,26.908,0.242,Taiwan
516069,1985-08-01,27.013,0.239,Taiwan
516070,1985-09-01,26.188,0.216,Taiwan
516071,1985-10-01,24.595,0.117,Taiwan
516072,1985-11-01,21.102,0.092,Taiwan
516073,1985-12-01,17.504,0.304,Taiwan
516074,1986-01-01,15.364999999999998,0.31,Taiwan
516075,1986-02-01,14.651999999999996,0.22,Taiwan
516076,1986-03-01,17.572999999999997,0.227,Taiwan
516077,1986-04-01,22.032,0.209,Taiwan
516078,1986-05-01,23.877,0.185,Taiwan
516079,1986-06-01,26.068,0.197,Taiwan
516080,1986-07-01,27.509,0.106,Taiwan
516081,1986-08-01,27.56,0.191,Taiwan
516082,1986-09-01,25.857,0.26,Taiwan
516083,1986-10-01,23.322,0.147,Taiwan
516084,1986-11-01,21.199,0.134,Taiwan
516085,1986-12-01,17.913,0.176,Taiwan
516086,1987-01-01,16.512,0.287,Taiwan
516087,1987-02-01,17.162,0.156,Taiwan
516088,1987-03-01,19.652,0.135,Taiwan
516089,1987-04-01,21.267000000000003,0.174,Taiwan
516090,1987-05-01,24.017,0.112,Taiwan
516091,1987-06-01,25.749,0.109,Taiwan
516092,1987-07-01,27.573,0.139,Taiwan
516093,1987-08-01,27.939,0.197,Taiwan
516094,1987-09-01,25.241,0.191,Taiwan
516095,1987-10-01,24.736,0.142,Taiwan
516096,1987-11-01,22.422,0.143,Taiwan
516097,1987-12-01,17.798,0.159,Taiwan
516098,1988-01-01,17.785999999999994,0.248,Taiwan
516099,1988-02-01,17.147000000000002,0.183,Taiwan
516100,1988-03-01,18.075,0.135,Taiwan
516101,1988-04-01,20.339,0.193,Taiwan
516102,1988-05-01,25.124,0.173,Taiwan
516103,1988-06-01,27.11,0.229,Taiwan
516104,1988-07-01,28.135,0.184,Taiwan
516105,1988-08-01,27.206,0.133,Taiwan
516106,1988-09-01,26.109,0.217,Taiwan
516107,1988-10-01,23.943,0.162,Taiwan
516108,1988-11-01,19.632,0.143,Taiwan
516109,1988-12-01,17.25,0.193,Taiwan
516110,1989-01-01,17.131,0.259,Taiwan
516111,1989-02-01,16.615,0.1639999999999999,Taiwan
516112,1989-03-01,17.561,0.242,Taiwan
516113,1989-04-01,21.512,0.186,Taiwan
516114,1989-05-01,23.698,0.179,Taiwan
516115,1989-06-01,26.357,0.202,Taiwan
516116,1989-07-01,27.713,0.15,Taiwan
516117,1989-08-01,27.506,0.312,Taiwan
516118,1989-09-01,26.371,0.206,Taiwan
516119,1989-10-01,23.526,0.236,Taiwan
516120,1989-11-01,20.745,0.153,Taiwan
516121,1989-12-01,17.476,0.1669999999999999,Taiwan
516122,1990-01-01,16.933,0.263,Taiwan
516123,1990-02-01,18.059,0.189,Taiwan
516124,1990-03-01,18.516,0.231,Taiwan
516125,1990-04-01,20.705,0.11,Taiwan
516126,1990-05-01,24.095,0.192,Taiwan
516127,1990-06-01,26.049,0.213,Taiwan
516128,1990-07-01,27.537,0.162,Taiwan
516129,1990-08-01,27.382,0.202,Taiwan
516130,1990-09-01,25.873,0.229,Taiwan
516131,1990-10-01,23.522,0.162,Taiwan
516132,1990-11-01,22.195,0.346,Taiwan
516133,1990-12-01,18.807,0.246,Taiwan
516134,1991-01-01,16.956,0.234,Taiwan
516135,1991-02-01,16.915,0.132,Taiwan
516136,1991-03-01,20.271,0.292,Taiwan
516137,1991-04-01,21.701,0.236,Taiwan
516138,1991-05-01,24.85,0.184,Taiwan
516139,1991-06-01,27.254,0.1669999999999999,Taiwan
516140,1991-07-01,27.795,0.176,Taiwan
516141,1991-08-01,27.604,0.172,Taiwan
516142,1991-09-01,26.184,0.17,Taiwan
516143,1991-10-01,22.864,0.179,Taiwan
516144,1991-11-01,20.576,0.175,Taiwan
516145,1991-12-01,18.385,0.17,Taiwan
516146,1992-01-01,16.206,0.202,Taiwan
516147,1992-02-01,16.008999999999997,0.211,Taiwan
516148,1992-03-01,19.447,0.286,Taiwan
516149,1992-04-01,21.181,0.363,Taiwan
516150,1992-05-01,23.516,0.12,Taiwan
516151,1992-06-01,25.987,0.249,Taiwan
516152,1992-07-01,27.436,0.1689999999999999,Taiwan
516153,1992-08-01,27.396,0.147,Taiwan
516154,1992-09-01,26.279,0.241,Taiwan
516155,1992-10-01,22.71,0.152,Taiwan
516156,1992-11-01,20.248,0.287,Taiwan
516157,1992-12-01,19.083,0.396,Taiwan
516158,1993-01-01,16.076999999999998,0.28,Taiwan
516159,1993-02-01,17.56,0.174,Taiwan
516160,1993-03-01,18.412,0.201,Taiwan
516161,1993-04-01,21.059,0.159,Taiwan
516162,1993-05-01,24.476,0.261,Taiwan
516163,1993-06-01,26.595,0.121,Taiwan
516164,1993-07-01,27.999,0.168,Taiwan
516165,1993-08-01,27.766,0.1639999999999999,Taiwan
516166,1993-09-01,26.353,0.182,Taiwan
516167,1993-10-01,23.421,0.143,Taiwan
516168,1993-11-01,22.153,0.249,Taiwan
516169,1993-12-01,18.000999999999998,0.159,Taiwan
516170,1994-01-01,17.067999999999998,0.271,Taiwan
516171,1994-02-01,17.488999999999994,0.199,Taiwan
516172,1994-03-01,17.759999999999994,0.1669999999999999,Taiwan
516173,1994-04-01,23.32,0.172,Taiwan
516174,1994-05-01,25.041,0.133,Taiwan
516175,1994-06-01,26.804,0.185,Taiwan
516176,1994-07-01,27.686,0.128,Taiwan
516177,1994-08-01,27.059,0.121,Taiwan
516178,1994-09-01,25.628,0.178,Taiwan
516179,1994-10-01,23.434,0.123,Taiwan
516180,1994-11-01,22.196,0.24,Taiwan
516181,1994-12-01,20.416,0.241,Taiwan
516182,1995-01-01,16.526,0.17,Taiwan
516183,1995-02-01,15.378999999999998,0.18,Taiwan
516184,1995-03-01,17.982,0.116,Taiwan
516185,1995-04-01,22.281,0.254,Taiwan
516186,1995-05-01,23.929,0.124,Taiwan
516187,1995-06-01,26.674,0.174,Taiwan
516188,1995-07-01,27.138,0.113,Taiwan
516189,1995-08-01,27.075,0.196,Taiwan
516190,1995-09-01,26.543000000000003,0.19,Taiwan
516191,1995-10-01,24.6,0.175,Taiwan
516192,1995-11-01,20.624,0.181,Taiwan
516193,1995-12-01,17.292,0.157,Taiwan
516194,1996-01-01,16.965,0.238,Taiwan
516195,1996-02-01,15.819,0.103,Taiwan
516196,1996-03-01,19.321,0.197,Taiwan
516197,1996-04-01,19.094,0.16,Taiwan
516198,1996-05-01,23.002,0.145,Taiwan
516199,1996-06-01,27.331,0.157,Taiwan
516200,1996-07-01,28.046,0.12,Taiwan
516201,1996-08-01,27.269,0.209,Taiwan
516202,1996-09-01,26.842,0.178,Taiwan
516203,1996-10-01,24.278,0.153,Taiwan
516204,1996-11-01,22.337,0.156,Taiwan
516205,1996-12-01,17.871,0.188,Taiwan
516206,1997-01-01,16.392,0.152,Taiwan
516207,1997-02-01,16.284999999999997,0.135,Taiwan
516208,1997-03-01,19.614,0.185,Taiwan
516209,1997-04-01,21.883000000000006,0.115,Taiwan
516210,1997-05-01,24.7,0.185,Taiwan
516211,1997-06-01,25.503,0.151,Taiwan
516212,1997-07-01,27.199,0.224,Taiwan
516213,1997-08-01,27.261,0.249,Taiwan
516214,1997-09-01,25.426,0.26,Taiwan
516215,1997-10-01,24.113000000000003,0.243,Taiwan
516216,1997-11-01,22.275,0.184,Taiwan
516217,1997-12-01,19.213,0.197,Taiwan
516218,1998-01-01,17.563,0.32,Taiwan
516219,1998-02-01,17.767,0.229,Taiwan
516220,1998-03-01,19.773,0.174,Taiwan
516221,1998-04-01,23.49,0.159,Taiwan
516222,1998-05-01,25.45,0.09,Taiwan
516223,1998-06-01,26.607,0.158,Taiwan
516224,1998-07-01,28.261,0.155,Taiwan
516225,1998-08-01,28.472,0.155,Taiwan
516226,1998-09-01,26.535,0.228,Taiwan
516227,1998-10-01,24.856,0.187,Taiwan
516228,1998-11-01,22.755,0.165,Taiwan
516229,1998-12-01,19.818,0.172,Taiwan
516230,1999-01-01,17.631,0.217,Taiwan
516231,1999-02-01,17.49,0.346,Taiwan
516232,1999-03-01,20.313,0.108,Taiwan
516233,1999-04-01,22.092,0.219,Taiwan
516234,1999-05-01,23.339,0.099,Taiwan
516235,1999-06-01,26.756,0.115,Taiwan
516236,1999-07-01,27.383000000000003,0.242,Taiwan
516237,1999-08-01,27.011,0.132,Taiwan
516238,1999-09-01,26.489,0.195,Taiwan
516239,1999-10-01,24.49,0.241,Taiwan
516240,1999-11-01,21.597,0.181,Taiwan
516241,1999-12-01,17.719,0.139,Taiwan
516242,2000-01-01,17.363999999999994,0.142,Taiwan
516243,2000-02-01,16.461,0.249,Taiwan
516244,2000-03-01,19.019,0.315,Taiwan
516245,2000-04-01,21.686,0.123,Taiwan
516246,2000-05-01,24.285,0.1639999999999999,Taiwan
516247,2000-06-01,26.58,0.219,Taiwan
516248,2000-07-01,27.214,0.198,Taiwan
516249,2000-08-01,26.949,0.293,Taiwan
516250,2000-09-01,26.014,0.192,Taiwan
516251,2000-10-01,25.109,0.256,Taiwan
516252,2000-11-01,22.159,0.289,Taiwan
516253,2000-12-01,19.614,0.245,Taiwan
516254,2001-01-01,17.747,0.306,Taiwan
516255,2001-02-01,18.005,0.449,Taiwan
516256,2001-03-01,19.549,0.298,Taiwan
516257,2001-04-01,21.785,0.222,Taiwan
516258,2001-05-01,24.776,0.154,Taiwan
516259,2001-06-01,26.813,0.217,Taiwan
516260,2001-07-01,27.618,0.182,Taiwan
516261,2001-08-01,28.162,0.208,Taiwan
516262,2001-09-01,25.791,0.279,Taiwan
516263,2001-10-01,24.144,0.16,Taiwan
516264,2001-11-01,20.79,0.285,Taiwan
516265,2001-12-01,18.374,0.306,Taiwan
516266,2002-01-01,16.986,0.303,Taiwan
516267,2002-02-01,17.816,0.411,Taiwan
516268,2002-03-01,20.824,0.231,Taiwan
516269,2002-04-01,23.377,0.157,Taiwan
516270,2002-05-01,25.318,0.208,Taiwan
516271,2002-06-01,27.16,0.132,Taiwan
516272,2002-07-01,27.658,0.202,Taiwan
516273,2002-08-01,27.601,0.141,Taiwan
516274,2002-09-01,26.245,0.229,Taiwan
516275,2002-10-01,24.445,0.266,Taiwan
516276,2002-11-01,21.2,0.197,Taiwan
516277,2002-12-01,19.002,0.201,Taiwan
516278,2003-01-01,16.241999999999994,0.381,Taiwan
516279,2003-02-01,18.097,0.304,Taiwan
516280,2003-03-01,18.662,0.182,Taiwan
516281,2003-04-01,22.722,0.227,Taiwan
516282,2003-05-01,24.781,0.139,Taiwan
516283,2003-06-01,25.948,0.292,Taiwan
516284,2003-07-01,28.852,0.285,Taiwan
516285,2003-08-01,28.025,0.173,Taiwan
516286,2003-09-01,27.187,0.311,Taiwan
516287,2003-10-01,23.928,0.426,Taiwan
516288,2003-11-01,22.337,0.254,Taiwan
516289,2003-12-01,17.847,0.261,Taiwan
516290,2004-01-01,16.264,0.343,Taiwan
516291,2004-02-01,17.607999999999997,0.258,Taiwan
516292,2004-03-01,18.502,0.19,Taiwan
516293,2004-04-01,21.811,0.182,Taiwan
516294,2004-05-01,25.58,0.219,Taiwan
516295,2004-06-01,26.551,0.254,Taiwan
516296,2004-07-01,27.364,0.299,Taiwan
516297,2004-08-01,27.825,0.22,Taiwan
516298,2004-09-01,26.159,0.243,Taiwan
516299,2004-10-01,22.9,0.262,Taiwan
516300,2004-11-01,22.115,0.178,Taiwan
516301,2004-12-01,18.977,0.227,Taiwan
516302,2005-01-01,16.032999999999998,0.187,Taiwan
516303,2005-02-01,16.942999999999998,0.165,Taiwan
516304,2005-03-01,17.028,0.186,Taiwan
516305,2005-04-01,22.313,0.134,Taiwan
516306,2005-05-01,25.31,0.228,Taiwan
516307,2005-06-01,26.305,0.159,Taiwan
516308,2005-07-01,27.782,0.119,Taiwan
516309,2005-08-01,27.318,0.198,Taiwan
516310,2005-09-01,27.197,0.173,Taiwan
516311,2005-10-01,24.555,0.196,Taiwan
516312,2005-11-01,22.701,0.172,Taiwan
516313,2005-12-01,16.864,0.152,Taiwan
516314,2006-01-01,17.636,0.28,Taiwan
516315,2006-02-01,17.918999999999997,0.27,Taiwan
516316,2006-03-01,18.944000000000003,0.206,Taiwan
516317,2006-04-01,22.676,0.347,Taiwan
516318,2006-05-01,24.814,0.444,Taiwan
516319,2006-06-01,26.53,0.348,Taiwan
516320,2006-07-01,27.877,0.213,Taiwan
516321,2006-08-01,27.825,0.375,Taiwan
516322,2006-09-01,26.178,0.202,Taiwan
516323,2006-10-01,25.088,0.272,Taiwan
516324,2006-11-01,22.887,0.289,Taiwan
516325,2006-12-01,19.077,0.279,Taiwan
516326,2007-01-01,17.262999999999998,0.474,Taiwan
516327,2007-02-01,19.057,0.16,Taiwan
516328,2007-03-01,20.008,0.253,Taiwan
516329,2007-04-01,21.062,0.299,Taiwan
516330,2007-05-01,25.108,0.226,Taiwan
516331,2007-06-01,26.788,0.364,Taiwan
516332,2007-07-01,28.841,0.209,Taiwan
516333,2007-08-01,27.032,0.119,Taiwan
516334,2007-09-01,26.54,0.199,Taiwan
516335,2007-10-01,24.418000000000003,0.131,Taiwan
516336,2007-11-01,21.078000000000003,0.249,Taiwan
516337,2007-12-01,19.455,0.222,Taiwan
516338,2008-01-01,17.419999999999998,0.334,Taiwan
516339,2008-02-01,15.089,0.288,Taiwan
516340,2008-03-01,19.336,0.264,Taiwan
516341,2008-04-01,22.419,0.283,Taiwan
516342,2008-05-01,24.479,0.223,Taiwan
516343,2008-06-01,26.368,0.309,Taiwan
516344,2008-07-01,27.49,0.119,Taiwan
516345,2008-08-01,27.618,0.15,Taiwan
516346,2008-09-01,26.932,0.252,Taiwan
516347,2008-10-01,25.368,0.1669999999999999,Taiwan
516348,2008-11-01,21.65,0.153,Taiwan
516349,2008-12-01,18.404,0.22,Taiwan
516350,2009-01-01,16.014,0.242,Taiwan
516351,2009-02-01,20.031,0.312,Taiwan
516352,2009-03-01,19.276,0.134,Taiwan
516353,2009-04-01,20.994,0.209,Taiwan
516354,2009-05-01,24.34,0.172,Taiwan
516355,2009-06-01,26.606,0.183,Taiwan
516356,2009-07-01,27.966,0.255,Taiwan
516357,2009-08-01,28.02,0.209,Taiwan
516358,2009-09-01,27.809,0.255,Taiwan
516359,2009-10-01,24.433000000000003,0.122,Taiwan
516360,2009-11-01,21.498,0.235,Taiwan
516361,2009-12-01,17.635,0.247,Taiwan
516362,2010-01-01,17.323,0.27,Taiwan
516363,2010-02-01,18.424,0.3,Taiwan
516364,2010-03-01,19.972,0.33,Taiwan
516365,2010-04-01,20.769,0.135,Taiwan
516366,2010-05-01,24.579,0.265,Taiwan
516367,2010-06-01,25.711,0.243,Taiwan
516368,2010-07-01,28.068,0.225,Taiwan
516369,2010-08-01,28.086,0.284,Taiwan
516370,2010-09-01,26.952,0.157,Taiwan
516371,2010-10-01,24.106,0.243,Taiwan
516372,2010-11-01,21.119,0.281,Taiwan
516373,2010-12-01,17.835,0.329,Taiwan
516374,2011-01-01,14.531,0.348,Taiwan
516375,2011-02-01,16.999000000000002,0.339,Taiwan
516376,2011-03-01,16.924,0.387,Taiwan
516377,2011-04-01,21.154,0.313,Taiwan
516378,2011-05-01,24.053,0.285,Taiwan
516379,2011-06-01,27.25,0.314,Taiwan
516380,2011-07-01,27.537,0.216,Taiwan
516381,2011-08-01,27.953000000000003,0.172,Taiwan
516382,2011-09-01,26.603,0.154,Taiwan
516383,2011-10-01,24.001,0.326,Taiwan
516384,2011-11-01,22.81,0.34,Taiwan
516385,2011-12-01,17.445999999999998,0.399,Taiwan
516386,2012-01-01,16.416,0.483,Taiwan
516387,2012-02-01,16.918,0.361,Taiwan
516388,2012-03-01,19.384,0.324,Taiwan
516389,2012-04-01,22.802,0.282,Taiwan
516390,2012-05-01,25.047,0.24,Taiwan
516391,2012-06-01,26.096,0.435,Taiwan
516392,2012-07-01,27.982,0.312,Taiwan
516393,2012-08-01,27.253,0.339,Taiwan
516394,2012-09-01,26.132,0.449,Taiwan
516395,2012-10-01,23.674,0.7240000000000001,Taiwan
516396,2012-11-01,21.168000000000003,0.238,Taiwan
516397,2012-12-01,17.828,0.353,Taiwan
516398,2013-01-01,16.601,0.388,Taiwan
516399,2013-02-01,18.726,0.433,Taiwan
516400,2013-03-01,20.164,0.593,Taiwan
516401,2013-04-01,21.057,1.1,Taiwan
516402,2013-05-01,24.725,0.413,Taiwan
516403,2013-06-01,27.012,0.386,Taiwan
516404,2013-07-01,27.87,0.524,Taiwan
516405,2013-08-01,27.965,0.457,Taiwan
516406,2013-09-01,,,Taiwan
